TaskID,GuestID,Request
HK0001,G0001,Cleaning
HK0002,G0002,Cleaning
HK0003,G0003,Cleaning
HK0004,G0004,Extra Towels
HK0005,G0005,Pillow Change
HK0006,G0006,Extra Towels
HK0007,G0007,Pillow Change
HK0008,G0008,Cleaning
HK0009,G0009,Cleaning
HK0010,G0010,Cleaning
HK0011,G0011,Pillow Change
HK0012,G0012,Cleaning
HK0013,G0013,Extra Towels
HK0014,G0014,Extra Towels
HK0015,G0015,Extra Towels
HK0016,G0016,Pillow Change
HK0017,G0017,Extra Towels
HK0018,G0018,Cleaning
HK0019,G0019,Pillow Change
HK0020,G0020,Cleaning
HK0021,G0021,Pillow Change
HK0022,G0022,Extra Towels
HK0023,G0023,Cleaning
HK0024,G0024,Cleaning
HK0025,G0025,Pillow Change
HK0026,G0026,Cleaning
HK0027,G0027,Extra Towels
HK0028,G0028,Pillow Change
HK0029,G0029,Cleaning
HK0030,G0030,Pillow Change
HK0031,G0031,Cleaning
HK0032,G0032,Extra Towels
HK0033,G0033,Extra Towels
HK0034,G0034,Extra Towels
HK0035,G0035,Extra Towels
HK0036,G0036,Cleaning
HK0037,G0037,Extra Towels
HK0038,G0038,Pillow Change
HK0039,G0039,Cleaning
HK0040,G0040,Extra Towels
HK0041,G0041,Pillow Change
HK0042,G0042,Cleaning
HK0043,G0043,Pillow Change
HK0044,G0044,Cleaning
HK0045,G0045,Pillow Change
HK0046,G0046,Extra Towels
HK0047,G0047,Pillow Change
HK0048,G0048,Pillow Change
HK0049,G0049,Cleaning
HK0050,G0050,Cleaning
HK0051,G0051,Extra Towels
HK0052,G0052,Pillow Change
HK0053,G0053,Pillow Change
HK0054,G0054,Pillow Change
HK0055,G0055,Pillow Change
HK0056,G0056,Extra Towels
HK0057,G0057,Cleaning
HK0058,G0058,Pillow Change
HK0059,G0059,Extra Towels
HK0060,G0060,Extra Towels
HK0061,G0061,Extra Towels
HK0062,G0062,Extra Towels
HK0063,G0063,Extra Towels
HK0064,G0064,Cleaning
HK0065,G0065,Extra Towels
HK0066,G0066,Cleaning
HK0067,G0067,Pillow Change
HK0068,G0068,Pillow Change
HK0069,G0069,Cleaning
HK0070,G0070,Cleaning
HK0071,G0071,Pillow Change
HK0072,G0072,Extra Towels
HK0073,G0073,Pillow Change
HK0074,G0074,Extra Towels
HK0075,G0075,Extra Towels
HK0076,G0076,Cleaning
HK0077,G0077,Cleaning
HK0078,G0078,Pillow Change
HK0079,G0079,Pillow Change
HK0080,G0080,Cleaning
HK0081,G0081,Pillow Change
HK0082,G0082,Cleaning
HK0083,G0083,Cleaning
HK0084,G0084,Pillow Change
HK0085,G0085,Extra Towels
HK0086,G0086,Extra Towels
HK0087,G0087,Cleaning
HK0088,G0088,Pillow Change
HK0089,G0089,Extra Towels
HK0090,G0090,Cleaning
HK0091,G0091,Cleaning
HK0092,G0092,Pillow Change
HK0093,G0093,Pillow Change
HK0094,G0094,Cleaning
HK0095,G0095,Extra Towels
HK0096,G0096,Pillow Change
HK0097,G0097,Pillow Change
HK0098,G0098,Pillow Change
HK0099,G0099,Extra Towels
HK0100,G0100,Extra Towels
HK0101,G0101,Cleaning
HK0102,G0102,Pillow Change
HK0103,G0103,Extra Towels
HK0104,G0104,Extra Towels
HK0105,G0105,Pillow Change
HK0106,G0106,Extra Towels
HK0107,G0107,Cleaning
HK0108,G0108,Extra Towels
HK0109,G0109,Extra Towels
HK0110,G0110,Cleaning
HK0111,G0111,Pillow Change
HK0112,G0112,Extra Towels
HK0113,G0113,Cleaning
HK0114,G0114,Pillow Change
HK0115,G0115,Cleaning
HK0116,G0116,Extra Towels
HK0117,G0117,Cleaning
HK0118,G0118,Extra Towels
HK0119,G0119,Pillow Change
HK0120,G0120,Pillow Change
HK0121,G0121,Cleaning
HK0122,G0122,Extra Towels
HK0123,G0123,Pillow Change
HK0124,G0124,Cleaning
HK0125,G0125,Pillow Change
HK0126,G0126,Pillow Change
HK0127,G0127,Extra Towels
HK0128,G0128,Pillow Change
HK0129,G0129,Pillow Change
HK0130,G0130,Extra Towels
HK0131,G0131,Pillow Change
HK0132,G0132,Pillow Change
HK0133,G0133,Extra Towels
HK0134,G0134,Extra Towels
HK0135,G0135,Pillow Change
HK0136,G0136,Pillow Change
HK0137,G0137,Pillow Change
HK0138,G0138,Pillow Change
HK0139,G0139,Cleaning
HK0140,G0140,Pillow Change
HK0141,G0141,Extra Towels
HK0142,G0142,Extra Towels
HK0143,G0143,Extra Towels
HK0144,G0144,Extra Towels
HK0145,G0145,Pillow Change
HK0146,G0146,Pillow Change
HK0147,G0147,Cleaning
HK0148,G0148,Pillow Change
HK0149,G0149,Extra Towels
HK0150,G0150,Pillow Change
HK0151,G0151,Cleaning
HK0152,G0152,Pillow Change
HK0153,G0153,Pillow Change
HK0154,G0154,Extra Towels
HK0155,G0155,Cleaning
HK0156,G0156,Pillow Change
HK0157,G0157,Pillow Change
HK0158,G0158,Cleaning
HK0159,G0159,Pillow Change
HK0160,G0160,Cleaning
HK0161,G0161,Cleaning
HK0162,G0162,Extra Towels
HK0163,G0163,Pillow Change
HK0164,G0164,Cleaning
HK0165,G0165,Cleaning
HK0166,G0166,Cleaning
HK0167,G0167,Extra Towels
HK0168,G0168,Pillow Change
HK0169,G0169,Extra Towels
HK0170,G0170,Extra Towels
HK0171,G0171,Cleaning
HK0172,G0172,Cleaning
HK0173,G0173,Cleaning
HK0174,G0174,Cleaning
HK0175,G0175,Extra Towels
HK0176,G0176,Cleaning
HK0177,G0177,Pillow Change
HK0178,G0178,Extra Towels
HK0179,G0179,Cleaning
HK0180,G0180,Pillow Change
HK0181,G0181,Cleaning
HK0182,G0182,Pillow Change
HK0183,G0183,Cleaning
HK0184,G0184,Cleaning
HK0185,G0185,Extra Towels
HK0186,G0186,Cleaning
HK0187,G0187,Pillow Change
HK0188,G0188,Pillow Change
HK0189,G0189,Extra Towels
HK0190,G0190,Cleaning
HK0191,G0191,Extra Towels
HK0192,G0192,Cleaning
HK0193,G0193,Extra Towels
HK0194,G0194,Cleaning
HK0195,G0195,Cleaning
HK0196,G0196,Extra Towels
HK0197,G0197,Extra Towels
HK0198,G0198,Extra Towels
HK0199,G0199,Extra Towels
HK0200,G0200,Cleaning
HK0201,G0201,Cleaning
HK0202,G0202,Pillow Change
HK0203,G0203,Cleaning
HK0204,G0204,Extra Towels
HK0205,G0205,Extra Towels
HK0206,G0206,Cleaning
HK0207,G0207,Pillow Change
HK0208,G0208,Pillow Change
HK0209,G0209,Cleaning
HK0210,G0210,Extra Towels
HK0211,G0211,Extra Towels
HK0212,G0212,Cleaning
HK0213,G0213,Pillow Change
HK0214,G0214,Cleaning
HK0215,G0215,Cleaning
HK0216,G0216,Cleaning
HK0217,G0217,Cleaning
HK0218,G0218,Extra Towels
HK0219,G0219,Extra Towels
HK0220,G0220,Cleaning
HK0221,G0221,Pillow Change
HK0222,G0222,Cleaning
HK0223,G0223,Extra Towels
HK0224,G0224,Extra Towels
HK0225,G0225,Pillow Change
HK0226,G0226,Cleaning
HK0227,G0227,Extra Towels
HK0228,G0228,Extra Towels
HK0229,G0229,Cleaning
HK0230,G0230,Cleaning
HK0231,G0231,Pillow Change
HK0232,G0232,Pillow Change
HK0233,G0233,Pillow Change
HK0234,G0234,Cleaning
HK0235,G0235,Cleaning
HK0236,G0236,Pillow Change
HK0237,G0237,Extra Towels
HK0238,G0238,Extra Towels
HK0239,G0239,Cleaning
HK0240,G0240,Extra Towels
HK0241,G0241,Cleaning
HK0242,G0242,Pillow Change
HK0243,G0243,Cleaning
HK0244,G0244,Cleaning
HK0245,G0245,Cleaning
HK0246,G0246,Extra Towels
HK0247,G0247,Cleaning
HK0248,G0248,Extra Towels
HK0249,G0249,Pillow Change
HK0250,G0250,Pillow Change
HK0251,G0251,Extra Towels
HK0252,G0252,Cleaning
HK0253,G0253,Pillow Change
HK0254,G0254,Cleaning
HK0255,G0255,Extra Towels
HK0256,G0256,Cleaning
HK0257,G0257,Pillow Change
HK0258,G0258,Cleaning
HK0259,G0259,Pillow Change
HK0260,G0260,Cleaning
HK0261,G0261,Pillow Change
HK0262,G0262,Pillow Change
HK0263,G0263,Pillow Change
HK0264,G0264,Extra Towels
HK0265,G0265,Extra Towels
HK0266,G0266,Extra Towels
HK0267,G0267,Cleaning
HK0268,G0268,Cleaning
HK0269,G0269,Cleaning
HK0270,G0270,Pillow Change
HK0271,G0271,Cleaning
HK0272,G0272,Extra Towels
HK0273,G0273,Extra Towels
HK0274,G0274,Pillow Change
HK0275,G0275,Pillow Change
HK0276,G0276,Cleaning
HK0277,G0277,Pillow Change
HK0278,G0278,Extra Towels
HK0279,G0279,Extra Towels
HK0280,G0280,Extra Towels
HK0281,G0281,Extra Towels
HK0282,G0282,Pillow Change
HK0283,G0283,Cleaning
HK0284,G0284,Cleaning
HK0285,G0285,Pillow Change
HK0286,G0286,Cleaning
HK0287,G0287,Extra Towels
HK0288,G0288,Pillow Change
HK0289,G0289,Pillow Change
HK0290,G0290,Extra Towels
HK0291,G0291,Cleaning
HK0292,G0292,Pillow Change
HK0293,G0293,Cleaning
HK0294,G0294,Extra Towels
HK0295,G0295,Cleaning
HK0296,G0296,Pillow Change
HK0297,G0297,Pillow Change
HK0298,G0298,Cleaning
HK0299,G0299,Pillow Change
HK0300,G0300,Cleaning
HK0301,G0301,Pillow Change
HK0302,G0302,Pillow Change
HK0303,G0303,Pillow Change
HK0304,G0304,Cleaning
HK0305,G0305,Pillow Change
HK0306,G0306,Pillow Change
HK0307,G0307,Cleaning
HK0308,G0308,Cleaning
HK0309,G0309,Extra Towels
HK0310,G0310,Cleaning
HK0311,G0311,Cleaning
HK0312,G0312,Pillow Change
HK0313,G0313,Extra Towels
HK0314,G0314,Cleaning
HK0315,G0315,Pillow Change
HK0316,G0316,Cleaning
HK0317,G0317,Pillow Change
HK0318,G0318,Pillow Change
HK0319,G0319,Pillow Change
HK0320,G0320,Extra Towels
HK0321,G0321,Pillow Change
HK0322,G0322,Cleaning
HK0323,G0323,Cleaning
HK0324,G0324,Pillow Change
HK0325,G0325,Pillow Change
HK0326,G0326,Pillow Change
HK0327,G0327,Extra Towels
HK0328,G0328,Pillow Change
HK0329,G0329,Extra Towels
HK0330,G0330,Pillow Change
HK0331,G0331,Cleaning
HK0332,G0332,Extra Towels
HK0333,G0333,Pillow Change
HK0334,G0334,Pillow Change
HK0335,G0335,Pillow Change
HK0336,G0336,Pillow Change
HK0337,G0337,Cleaning
HK0338,G0338,Extra Towels
HK0339,G0339,Pillow Change
HK0340,G0340,Extra Towels
HK0341,G0341,Extra Towels
HK0342,G0342,Pillow Change
HK0343,G0343,Pillow Change
HK0344,G0344,Extra Towels
HK0345,G0345,Extra Towels
HK0346,G0346,Extra Towels
HK0347,G0347,Cleaning
HK0348,G0348,Cleaning
HK0349,G0349,Cleaning
HK0350,G0350,Extra Towels
HK0351,G0351,Cleaning
HK0352,G0352,Pillow Change
HK0353,G0353,Extra Towels
HK0354,G0354,Cleaning
HK0355,G0355,Pillow Change
HK0356,G0356,Pillow Change
HK0357,G0357,Cleaning
HK0358,G0358,Pillow Change
HK0359,G0359,Pillow Change
HK0360,G0360,Extra Towels
HK0361,G0361,Pillow Change
HK0362,G0362,Extra Towels
HK0363,G0363,Pillow Change
HK0364,G0364,Extra Towels
HK0365,G0365,Pillow Change
HK0366,G0366,Cleaning
HK0367,G0367,Pillow Change
HK0368,G0368,Cleaning
HK0369,G0369,Pillow Change
HK0370,G0370,Cleaning
HK0371,G0371,Cleaning
HK0372,G0372,Extra Towels
HK0373,G0373,Cleaning
HK0374,G0374,Pillow Change
HK0375,G0375,Cleaning
HK0376,G0376,Pillow Change
HK0377,G0377,Cleaning
HK0378,G0378,Pillow Change
HK0379,G0379,Pillow Change
HK0380,G0380,Pillow Change
HK0381,G0381,Pillow Change
HK0382,G0382,Pillow Change
HK0383,G0383,Cleaning
HK0384,G0384,Pillow Change
HK0385,G0385,Cleaning
HK0386,G0386,Extra Towels
HK0387,G0387,Extra Towels
HK0388,G0388,Cleaning
HK0389,G0389,Pillow Change
HK0390,G0390,Cleaning
HK0391,G0391,Extra Towels
HK0392,G0392,Cleaning
HK0393,G0393,Cleaning
HK0394,G0394,Pillow Change
HK0395,G0395,Extra Towels
HK0396,G0396,Pillow Change
HK0397,G0397,Pillow Change
HK0398,G0398,Cleaning
HK0399,G0399,Cleaning
HK0400,G0400,Cleaning
HK0401,G0401,Cleaning
HK0402,G0402,Pillow Change
HK0403,G0403,Pillow Change
HK0404,G0404,Cleaning
HK0405,G0405,Cleaning
HK0406,G0406,Extra Towels
HK0407,G0407,Pillow Change
HK0408,G0408,Pillow Change
HK0409,G0409,Pillow Change
HK0410,G0410,Cleaning
HK0411,G0411,Cleaning
HK0412,G0412,Cleaning
HK0413,G0413,Extra Towels
HK0414,G0414,Cleaning
HK0415,G0415,Extra Towels
HK0416,G0416,Cleaning
HK0417,G0417,Pillow Change
HK0418,G0418,Extra Towels
HK0419,G0419,Cleaning
HK0420,G0420,Cleaning
HK0421,G0421,Pillow Change
HK0422,G0422,Cleaning
HK0423,G0423,Pillow Change
HK0424,G0424,Cleaning
HK0425,G0425,Extra Towels
HK0426,G0426,Extra Towels
HK0427,G0427,Pillow Change
HK0428,G0428,Cleaning
HK0429,G0429,Pillow Change
HK0430,G0430,Pillow Change
HK0431,G0431,Cleaning
HK0432,G0432,Extra Towels
HK0433,G0433,Extra Towels
HK0434,G0434,Pillow Change
HK0435,G0435,Pillow Change
HK0436,G0436,Pillow Change
HK0437,G0437,Extra Towels
HK0438,G0438,Extra Towels
HK0439,G0439,Extra Towels
HK0440,G0440,Pillow Change
HK0441,G0441,Pillow Change
HK0442,G0442,Extra Towels
HK0443,G0443,Pillow Change
HK0444,G0444,Extra Towels
HK0445,G0445,Extra Towels
HK0446,G0446,Extra Towels
HK0447,G0447,Cleaning
HK0448,G0448,Cleaning
HK0449,G0449,Pillow Change
HK0450,G0450,Cleaning
HK0451,G0451,Extra Towels
HK0452,G0452,Pillow Change
HK0453,G0453,Extra Towels
HK0454,G0454,Extra Towels
HK0455,G0455,Pillow Change
HK0456,G0456,Extra Towels
HK0457,G0457,Cleaning
HK0458,G0458,Pillow Change
HK0459,G0459,Cleaning
HK0460,G0460,Cleaning
HK0461,G0461,Pillow Change
HK0462,G0462,Extra Towels
HK0463,G0463,Cleaning
HK0464,G0464,Cleaning
HK0465,G0465,Cleaning
HK0466,G0466,Pillow Change
HK0467,G0467,Extra Towels
HK0468,G0468,Extra Towels
HK0469,G0469,Pillow Change
HK0470,G0470,Pillow Change
HK0471,G0471,Extra Towels
HK0472,G0472,Pillow Change
HK0473,G0473,Pillow Change
HK0474,G0474,Pillow Change
HK0475,G0475,Extra Towels
HK0476,G0476,Extra Towels
HK0477,G0477,Cleaning
HK0478,G0478,Extra Towels
HK0479,G0479,Extra Towels
HK0480,G0480,Cleaning
HK0481,G0481,Cleaning
HK0482,G0482,Extra Towels
HK0483,G0483,Pillow Change
HK0484,G0484,Cleaning
HK0485,G0485,Extra Towels
HK0486,G0486,Extra Towels
HK0487,G0487,Cleaning
HK0488,G0488,Pillow Change
HK0489,G0489,Pillow Change
HK0490,G0490,Extra Towels
HK0491,G0491,Cleaning
HK0492,G0492,Cleaning
HK0493,G0493,Cleaning
HK0494,G0494,Pillow Change
HK0495,G0495,Pillow Change
HK0496,G0496,Pillow Change
HK0497,G0497,Cleaning
HK0498,G0498,Extra Towels
HK0499,G0499,Pillow Change
HK0500,G0500,Cleaning
