TicketID,GuestID,Issue
M0001,G0001,Lock
M0002,G0002,Lock
M0003,G0003,TV
M0004,G0004,AC
M0005,G0005,TV
M0006,G0006,AC
M0007,G0007,TV
M0008,G0008,AC
M0009,G0009,Lock
M0010,G0010,Lock
M0011,G0011,Lock
M0012,G0012,TV
M0013,G0013,Lock
M0014,G0014,Leak
M0015,G0015,AC
M0016,G0016,TV
M0017,G0017,Lock
M0018,G0018,Lock
M0019,G0019,AC
M0020,G0020,Lock
M0021,G0021,Lock
M0022,G0022,AC
M0023,G0023,AC
M0024,G0024,Leak
M0025,G0025,Leak
M0026,G0026,AC
M0027,G0027,TV
M0028,G0028,Leak
M0029,G0029,AC
M0030,G0030,Lock
M0031,G0031,TV
M0032,G0032,Lock
M0033,G0033,Leak
M0034,G0034,Lock
M0035,G0035,TV
M0036,G0036,AC
M0037,G0037,AC
M0038,G0038,TV
M0039,G0039,Lock
M0040,G0040,Lock
M0041,G0041,TV
M0042,G0042,AC
M0043,G0043,Lock
M0044,G0044,Leak
M0045,G0045,TV
M0046,G0046,Leak
M0047,G0047,Leak
M0048,G0048,AC
M0049,G0049,TV
M0050,G0050,Lock
M0051,G0051,Lock
M0052,G0052,TV
M0053,G0053,AC
M0054,G0054,Lock
M0055,G0055,Lock
M0056,G0056,Lock
M0057,G0057,AC
M0058,G0058,Lock
M0059,G0059,Lock
M0060,G0060,Leak
M0061,G0061,AC
M0062,G0062,Lock
M0063,G0063,AC
M0064,G0064,AC
M0065,G0065,Lock
M0066,G0066,Lock
M0067,G0067,AC
M0068,G0068,AC
M0069,G0069,AC
M0070,G0070,Leak
M0071,G0071,TV
M0072,G0072,Lock
M0073,G0073,Leak
M0074,G0074,Leak
M0075,G0075,AC
M0076,G0076,TV
M0077,G0077,Lock
M0078,G0078,Leak
M0079,G0079,Lock
M0080,G0080,Leak
M0081,G0081,Lock
M0082,G0082,AC
M0083,G0083,AC
M0084,G0084,TV
M0085,G0085,AC
M0086,G0086,Leak
M0087,G0087,Leak
M0088,G0088,Leak
M0089,G0089,Leak
M0090,G0090,AC
M0091,G0091,AC
M0092,G0092,TV
M0093,G0093,Lock
M0094,G0094,TV
M0095,G0095,Lock
M0096,G0096,AC
M0097,G0097,Leak
M0098,G0098,TV
M0099,G0099,TV
M0100,G0100,AC
M0101,G0101,Lock
M0102,G0102,TV
M0103,G0103,Lock
M0104,G0104,TV
M0105,G0105,Leak
M0106,G0106,AC
M0107,G0107,Lock
M0108,G0108,AC
M0109,G0109,AC
M0110,G0110,Lock
M0111,G0111,Lock
M0112,G0112,TV
M0113,G0113,Lock
M0114,G0114,AC
M0115,G0115,AC
M0116,G0116,Lock
M0117,G0117,Lock
M0118,G0118,TV
M0119,G0119,TV
M0120,G0120,TV
M0121,G0121,AC
M0122,G0122,Lock
M0123,G0123,Leak
M0124,G0124,Lock
M0125,G0125,Lock
M0126,G0126,TV
M0127,G0127,Leak
M0128,G0128,Lock
M0129,G0129,Leak
M0130,G0130,Leak
M0131,G0131,Lock
M0132,G0132,TV
M0133,G0133,TV
M0134,G0134,Lock
M0135,G0135,Leak
M0136,G0136,Leak
M0137,G0137,TV
M0138,G0138,TV
M0139,G0139,TV
M0140,G0140,Leak
M0141,G0141,Leak
M0142,G0142,TV
M0143,G0143,TV
M0144,G0144,Leak
M0145,G0145,AC
M0146,G0146,Leak
M0147,G0147,Lock
M0148,G0148,Lock
M0149,G0149,Leak
M0150,G0150,Lock
M0151,G0151,AC
M0152,G0152,AC
M0153,G0153,AC
M0154,G0154,Lock
M0155,G0155,TV
M0156,G0156,AC
M0157,G0157,AC
M0158,G0158,TV
M0159,G0159,Leak
M0160,G0160,TV
M0161,G0161,Leak
M0162,G0162,Leak
M0163,G0163,TV
M0164,G0164,AC
M0165,G0165,Leak
M0166,G0166,TV
M0167,G0167,AC
M0168,G0168,Leak
M0169,G0169,Lock
M0170,G0170,AC
M0171,G0171,TV
M0172,G0172,Lock
M0173,G0173,TV
M0174,G0174,Leak
M0175,G0175,AC
M0176,G0176,Lock
M0177,G0177,Lock
M0178,G0178,Lock
M0179,G0179,Leak
M0180,G0180,AC
M0181,G0181,AC
M0182,G0182,Leak
M0183,G0183,TV
M0184,G0184,Lock
M0185,G0185,TV
M0186,G0186,Leak
M0187,G0187,TV
M0188,G0188,TV
M0189,G0189,Leak
M0190,G0190,Lock
M0191,G0191,TV
M0192,G0192,AC
M0193,G0193,TV
M0194,G0194,TV
M0195,G0195,AC
M0196,G0196,Lock
M0197,G0197,AC
M0198,G0198,Lock
M0199,G0199,Leak
M0200,G0200,Leak
M0201,G0201,TV
M0202,G0202,TV
M0203,G0203,Leak
M0204,G0204,AC
M0205,G0205,Leak
M0206,G0206,Lock
M0207,G0207,TV
M0208,G0208,AC
M0209,G0209,TV
M0210,G0210,Leak
M0211,G0211,AC
M0212,G0212,Leak
M0213,G0213,Lock
M0214,G0214,Leak
M0215,G0215,AC
M0216,G0216,Leak
M0217,G0217,TV
M0218,G0218,TV
M0219,G0219,AC
M0220,G0220,TV
M0221,G0221,Lock
M0222,G0222,Lock
M0223,G0223,AC
M0224,G0224,Leak
M0225,G0225,TV
M0226,G0226,TV
M0227,G0227,Leak
M0228,G0228,Leak
M0229,G0229,Leak
M0230,G0230,Leak
M0231,G0231,TV
M0232,G0232,Lock
M0233,G0233,AC
M0234,G0234,AC
M0235,G0235,Leak
M0236,G0236,Lock
M0237,G0237,TV
M0238,G0238,TV
M0239,G0239,AC
M0240,G0240,Leak
M0241,G0241,Lock
M0242,G0242,AC
M0243,G0243,Lock
M0244,G0244,Leak
M0245,G0245,Leak
M0246,G0246,AC
M0247,G0247,Leak
M0248,G0248,Lock
M0249,G0249,Lock
M0250,G0250,AC
M0251,G0251,Leak
M0252,G0252,TV
M0253,G0253,Leak
M0254,G0254,AC
M0255,G0255,AC
M0256,G0256,TV
M0257,G0257,AC
M0258,G0258,AC
M0259,G0259,TV
M0260,G0260,TV
M0261,G0261,Lock
M0262,G0262,AC
M0263,G0263,TV
M0264,G0264,Lock
M0265,G0265,AC
M0266,G0266,TV
M0267,G0267,AC
M0268,G0268,Lock
M0269,G0269,Leak
M0270,G0270,AC
M0271,G0271,AC
M0272,G0272,AC
M0273,G0273,AC
M0274,G0274,TV
M0275,G0275,Leak
M0276,G0276,AC
M0277,G0277,TV
M0278,G0278,Leak
M0279,G0279,Lock
M0280,G0280,Lock
M0281,G0281,Lock
M0282,G0282,Lock
M0283,G0283,Lock
M0284,G0284,Leak
M0285,G0285,AC
M0286,G0286,Lock
M0287,G0287,AC
M0288,G0288,AC
M0289,G0289,AC
M0290,G0290,AC
M0291,G0291,AC
M0292,G0292,Leak
M0293,G0293,AC
M0294,G0294,Leak
M0295,G0295,Leak
M0296,G0296,AC
M0297,G0297,Leak
M0298,G0298,Lock
M0299,G0299,Lock
M0300,G0300,Lock
M0301,G0301,AC
M0302,G0302,Lock
M0303,G0303,TV
M0304,G0304,TV
M0305,G0305,TV
M0306,G0306,Lock
M0307,G0307,Leak
M0308,G0308,TV
M0309,G0309,Leak
M0310,G0310,Leak
M0311,G0311,AC
M0312,G0312,TV
M0313,G0313,AC
M0314,G0314,AC
M0315,G0315,AC
M0316,G0316,Lock
M0317,G0317,AC
M0318,G0318,Leak
M0319,G0319,TV
M0320,G0320,Leak
M0321,G0321,TV
M0322,G0322,Lock
M0323,G0323,TV
M0324,G0324,TV
M0325,G0325,TV
M0326,G0326,TV
M0327,G0327,Leak
M0328,G0328,TV
M0329,G0329,AC
M0330,G0330,TV
M0331,G0331,AC
M0332,G0332,Lock
M0333,G0333,AC
M0334,G0334,Leak
M0335,G0335,AC
M0336,G0336,Leak
M0337,G0337,AC
M0338,G0338,TV
M0339,G0339,Lock
M0340,G0340,Leak
M0341,G0341,Leak
M0342,G0342,TV
M0343,G0343,TV
M0344,G0344,AC
M0345,G0345,Leak
M0346,G0346,AC
M0347,G0347,TV
M0348,G0348,Leak
M0349,G0349,Lock
M0350,G0350,Lock
M0351,G0351,Leak
M0352,G0352,Leak
M0353,G0353,TV
M0354,G0354,Leak
M0355,G0355,Leak
M0356,G0356,Lock
M0357,G0357,TV
M0358,G0358,AC
M0359,G0359,Leak
M0360,G0360,TV
M0361,G0361,TV
M0362,G0362,Lock
M0363,G0363,Leak
M0364,G0364,Leak
M0365,G0365,TV
M0366,G0366,Leak
M0367,G0367,Lock
M0368,G0368,Lock
M0369,G0369,Lock
M0370,G0370,Leak
M0371,G0371,Leak
M0372,G0372,Lock
M0373,G0373,AC
M0374,G0374,TV
M0375,G0375,AC
M0376,G0376,Leak
M0377,G0377,TV
M0378,G0378,TV
M0379,G0379,Leak
M0380,G0380,AC
M0381,G0381,AC
M0382,G0382,AC
M0383,G0383,AC
M0384,G0384,Lock
M0385,G0385,TV
M0386,G0386,AC
M0387,G0387,Leak
M0388,G0388,Lock
M0389,G0389,TV
M0390,G0390,Leak
M0391,G0391,Lock
M0392,G0392,TV
M0393,G0393,Leak
M0394,G0394,TV
M0395,G0395,Lock
M0396,G0396,AC
M0397,G0397,Lock
M0398,G0398,Leak
M0399,G0399,AC
M0400,G0400,TV
M0401,G0401,TV
M0402,G0402,TV
M0403,G0403,Lock
M0404,G0404,TV
M0405,G0405,TV
M0406,G0406,TV
M0407,G0407,Lock
M0408,G0408,Leak
M0409,G0409,AC
M0410,G0410,TV
M0411,G0411,Lock
M0412,G0412,TV
M0413,G0413,AC
M0414,G0414,Leak
M0415,G0415,Leak
M0416,G0416,TV
M0417,G0417,AC
M0418,G0418,TV
M0419,G0419,Leak
M0420,G0420,Lock
M0421,G0421,Lock
M0422,G0422,Lock
M0423,G0423,AC
M0424,G0424,AC
M0425,G0425,Leak
M0426,G0426,AC
M0427,G0427,Leak
M0428,G0428,Leak
M0429,G0429,TV
M0430,G0430,Lock
M0431,G0431,Lock
M0432,G0432,Leak
M0433,G0433,AC
M0434,G0434,Leak
M0435,G0435,Lock
M0436,G0436,TV
M0437,G0437,Lock
M0438,G0438,Leak
M0439,G0439,Leak
M0440,G0440,Lock
M0441,G0441,Lock
M0442,G0442,AC
M0443,G0443,TV
M0444,G0444,Lock
M0445,G0445,TV
M0446,G0446,TV
M0447,G0447,AC
M0448,G0448,Leak
M0449,G0449,TV
M0450,G0450,TV
M0451,G0451,TV
M0452,G0452,TV
M0453,G0453,Leak
M0454,G0454,AC
M0455,G0455,TV
M0456,G0456,Lock
M0457,G0457,Leak
M0458,G0458,AC
M0459,G0459,Lock
M0460,G0460,Lock
M0461,G0461,Lock
M0462,G0462,TV
M0463,G0463,TV
M0464,G0464,Lock
M0465,G0465,AC
M0466,G0466,TV
M0467,G0467,AC
M0468,G0468,TV
M0469,G0469,TV
M0470,G0470,TV
M0471,G0471,AC
M0472,G0472,TV
M0473,G0473,AC
M0474,G0474,TV
M0475,G0475,Leak
M0476,G0476,TV
M0477,G0477,Lock
M0478,G0478,AC
M0479,G0479,Leak
M0480,G0480,AC
M0481,G0481,TV
M0482,G0482,Lock
M0483,G0483,Lock
M0484,G0484,Lock
M0485,G0485,TV
M0486,G0486,TV
M0487,G0487,Lock
M0488,G0488,TV
M0489,G0489,TV
M0490,G0490,Leak
M0491,G0491,TV
M0492,G0492,Leak
M0493,G0493,Lock
M0494,G0494,AC
M0495,G0495,TV
M0496,G0496,Lock
M0497,G0497,Lock
M0498,G0498,TV
M0499,G0499,AC
M0500,G0500,AC
