TripID,GuestID,Type
T0001,G0001,Airport Drop
T0002,G0002,City Tour
T0003,G0003,Airport Drop
T0004,G0004,Airport Drop
T0005,G0005,Airport Drop
T0006,G0006,Airport Drop
T0007,G0007,City Tour
T0008,G0008,City Tour
T0009,G0009,Airport Drop
T0010,G0010,Airport Drop
T0011,G0011,Airport Pickup
T0012,G0012,Airport Drop
T0013,G0013,Airport Pickup
T0014,G0014,Airport Drop
T0015,G0015,City Tour
T0016,G0016,City Tour
T0017,G0017,Airport Pickup
T0018,G0018,City Tour
T0019,G0019,City Tour
T0020,G0020,City Tour
T0021,G0021,City Tour
T0022,G0022,City Tour
T0023,G0023,Airport Pickup
T0024,G0024,Airport Drop
T0025,G0025,Airport Drop
T0026,G0026,Airport Drop
T0027,G0027,City Tour
T0028,G0028,City Tour
T0029,G0029,Airport Drop
T0030,G0030,City Tour
T0031,G0031,Airport Drop
T0032,G0032,Airport Pickup
T0033,G0033,Airport Drop
T0034,G0034,City Tour
T0035,G0035,Airport Drop
T0036,G0036,Airport Drop
T0037,G0037,City Tour
T0038,G0038,Airport Pickup
T0039,G0039,Airport Pickup
T0040,G0040,City Tour
T0041,G0041,Airport Drop
T0042,G0042,Airport Drop
T0043,G0043,City Tour
T0044,G0044,City Tour
T0045,G0045,City Tour
T0046,G0046,Airport Drop
T0047,G0047,Airport Pickup
T0048,G0048,Airport Pickup
T0049,G0049,Airport Pickup
T0050,G0050,Airport Drop
T0051,G0051,Airport Pickup
T0052,G0052,Airport Drop
T0053,G0053,Airport Drop
T0054,G0054,City Tour
T0055,G0055,Airport Drop
T0056,G0056,City Tour
T0057,G0057,Airport Drop
T0058,G0058,City Tour
T0059,G0059,City Tour
T0060,G0060,Airport Drop
T0061,G0061,Airport Drop
T0062,G0062,Airport Drop
T0063,G0063,Airport Drop
T0064,G0064,City Tour
T0065,G0065,City Tour
T0066,G0066,City Tour
T0067,G0067,Airport Drop
T0068,G0068,Airport Drop
T0069,G0069,Airport Pickup
T0070,G0070,Airport Pickup
T0071,G0071,Airport Pickup
T0072,G0072,Airport Pickup
T0073,G0073,City Tour
T0074,G0074,Airport Pickup
T0075,G0075,City Tour
T0076,G0076,Airport Drop
T0077,G0077,City Tour
T0078,G0078,City Tour
T0079,G0079,City Tour
T0080,G0080,Airport Pickup
T0081,G0081,Airport Pickup
T0082,G0082,Airport Pickup
T0083,G0083,Airport Drop
T0084,G0084,Airport Pickup
T0085,G0085,Airport Pickup
T0086,G0086,Airport Pickup
T0087,G0087,Airport Drop
T0088,G0088,City Tour
T0089,G0089,Airport Pickup
T0090,G0090,Airport Pickup
T0091,G0091,Airport Drop
T0092,G0092,City Tour
T0093,G0093,Airport Pickup
T0094,G0094,Airport Pickup
T0095,G0095,Airport Drop
T0096,G0096,City Tour
T0097,G0097,Airport Pickup
T0098,G0098,Airport Pickup
T0099,G0099,City Tour
T0100,G0100,Airport Drop
T0101,G0101,Airport Drop
T0102,G0102,Airport Pickup
T0103,G0103,Airport Pickup
T0104,G0104,City Tour
T0105,G0105,Airport Drop
T0106,G0106,Airport Drop
T0107,G0107,City Tour
T0108,G0108,Airport Pickup
T0109,G0109,Airport Pickup
T0110,G0110,City Tour
T0111,G0111,Airport Pickup
T0112,G0112,Airport Pickup
T0113,G0113,Airport Pickup
T0114,G0114,City Tour
T0115,G0115,Airport Drop
T0116,G0116,Airport Drop
T0117,G0117,Airport Drop
T0118,G0118,Airport Drop
T0119,G0119,City Tour
T0120,G0120,Airport Drop
T0121,G0121,City Tour
T0122,G0122,Airport Drop
T0123,G0123,Airport Pickup
T0124,G0124,City Tour
T0125,G0125,City Tour
T0126,G0126,Airport Pickup
T0127,G0127,City Tour
T0128,G0128,City Tour
T0129,G0129,Airport Drop
T0130,G0130,City Tour
T0131,G0131,City Tour
T0132,G0132,City Tour
T0133,G0133,City Tour
T0134,G0134,Airport Drop
T0135,G0135,City Tour
T0136,G0136,City Tour
T0137,G0137,City Tour
T0138,G0138,City Tour
T0139,G0139,Airport Drop
T0140,G0140,Airport Drop
T0141,G0141,Airport Drop
T0142,G0142,City Tour
T0143,G0143,Airport Pickup
T0144,G0144,Airport Pickup
T0145,G0145,Airport Drop
T0146,G0146,Airport Drop
T0147,G0147,Airport Drop
T0148,G0148,Airport Drop
T0149,G0149,Airport Drop
T0150,G0150,Airport Pickup
T0151,G0151,Airport Drop
T0152,G0152,Airport Pickup
T0153,G0153,Airport Pickup
T0154,G0154,City Tour
T0155,G0155,Airport Pickup
T0156,G0156,Airport Drop
T0157,G0157,Airport Drop
T0158,G0158,Airport Drop
T0159,G0159,City Tour
T0160,G0160,Airport Pickup
T0161,G0161,City Tour
T0162,G0162,Airport Drop
T0163,G0163,Airport Drop
T0164,G0164,Airport Drop
T0165,G0165,Airport Pickup
T0166,G0166,Airport Drop
T0167,G0167,Airport Drop
T0168,G0168,City Tour
T0169,G0169,Airport Pickup
T0170,G0170,Airport Pickup
T0171,G0171,City Tour
T0172,G0172,Airport Drop
T0173,G0173,Airport Pickup
T0174,G0174,Airport Drop
T0175,G0175,City Tour
T0176,G0176,Airport Drop
T0177,G0177,Airport Drop
T0178,G0178,Airport Pickup
T0179,G0179,Airport Pickup
T0180,G0180,City Tour
T0181,G0181,City Tour
T0182,G0182,City Tour
T0183,G0183,Airport Drop
T0184,G0184,Airport Drop
T0185,G0185,Airport Pickup
T0186,G0186,Airport Drop
T0187,G0187,Airport Pickup
T0188,G0188,Airport Drop
T0189,G0189,City Tour
T0190,G0190,Airport Pickup
T0191,G0191,City Tour
T0192,G0192,City Tour
T0193,G0193,City Tour
T0194,G0194,City Tour
T0195,G0195,Airport Drop
T0196,G0196,Airport Drop
T0197,G0197,City Tour
T0198,G0198,City Tour
T0199,G0199,City Tour
T0200,G0200,Airport Drop
T0201,G0201,Airport Drop
T0202,G0202,Airport Pickup
T0203,G0203,Airport Pickup
T0204,G0204,Airport Pickup
T0205,G0205,Airport Pickup
T0206,G0206,Airport Drop
T0207,G0207,Airport Pickup
T0208,G0208,City Tour
T0209,G0209,Airport Drop
T0210,G0210,City Tour
T0211,G0211,Airport Drop
T0212,G0212,Airport Drop
T0213,G0213,City Tour
T0214,G0214,City Tour
T0215,G0215,Airport Drop
T0216,G0216,Airport Pickup
T0217,G0217,Airport Drop
T0218,G0218,Airport Pickup
T0219,G0219,Airport Pickup
T0220,G0220,Airport Pickup
T0221,G0221,City Tour
T0222,G0222,Airport Pickup
T0223,G0223,Airport Pickup
T0224,G0224,Airport Pickup
T0225,G0225,Airport Drop
T0226,G0226,Airport Drop
T0227,G0227,Airport Pickup
T0228,G0228,City Tour
T0229,G0229,Airport Drop
T0230,G0230,City Tour
T0231,G0231,Airport Pickup
T0232,G0232,Airport Pickup
T0233,G0233,Airport Pickup
T0234,G0234,Airport Pickup
T0235,G0235,Airport Pickup
T0236,G0236,Airport Drop
T0237,G0237,Airport Pickup
T0238,G0238,Airport Drop
T0239,G0239,Airport Drop
T0240,G0240,Airport Drop
T0241,G0241,Airport Drop
T0242,G0242,Airport Drop
T0243,G0243,Airport Drop
T0244,G0244,City Tour
T0245,G0245,Airport Pickup
T0246,G0246,Airport Drop
T0247,G0247,Airport Pickup
T0248,G0248,Airport Pickup
T0249,G0249,Airport Pickup
T0250,G0250,Airport Drop
T0251,G0251,Airport Drop
T0252,G0252,Airport Pickup
T0253,G0253,City Tour
T0254,G0254,Airport Drop
T0255,G0255,Airport Pickup
T0256,G0256,Airport Pickup
T0257,G0257,Airport Drop
T0258,G0258,Airport Drop
T0259,G0259,Airport Pickup
T0260,G0260,Airport Pickup
T0261,G0261,City Tour
T0262,G0262,Airport Pickup
T0263,G0263,Airport Drop
T0264,G0264,Airport Drop
T0265,G0265,Airport Pickup
T0266,G0266,City Tour
T0267,G0267,Airport Pickup
T0268,G0268,Airport Pickup
T0269,G0269,Airport Drop
T0270,G0270,City Tour
T0271,G0271,Airport Pickup
T0272,G0272,City Tour
T0273,G0273,City Tour
T0274,G0274,Airport Pickup
T0275,G0275,Airport Drop
T0276,G0276,Airport Drop
T0277,G0277,City Tour
T0278,G0278,Airport Drop
T0279,G0279,Airport Drop
T0280,G0280,Airport Pickup
T0281,G0281,City Tour
T0282,G0282,City Tour
T0283,G0283,Airport Pickup
T0284,G0284,City Tour
T0285,G0285,City Tour
T0286,G0286,City Tour
T0287,G0287,Airport Pickup
T0288,G0288,Airport Drop
T0289,G0289,Airport Drop
T0290,G0290,City Tour
T0291,G0291,Airport Drop
T0292,G0292,Airport Pickup
T0293,G0293,Airport Drop
T0294,G0294,Airport Pickup
T0295,G0295,City Tour
T0296,G0296,Airport Pickup
T0297,G0297,Airport Pickup
T0298,G0298,Airport Pickup
T0299,G0299,City Tour
T0300,G0300,Airport Drop
T0301,G0301,Airport Drop
T0302,G0302,Airport Pickup
T0303,G0303,Airport Pickup
T0304,G0304,Airport Drop
T0305,G0305,City Tour
T0306,G0306,Airport Pickup
T0307,G0307,Airport Drop
T0308,G0308,Airport Pickup
T0309,G0309,Airport Pickup
T0310,G0310,Airport Pickup
T0311,G0311,City Tour
T0312,G0312,City Tour
T0313,G0313,Airport Drop
T0314,G0314,City Tour
T0315,G0315,City Tour
T0316,G0316,Airport Pickup
T0317,G0317,Airport Drop
T0318,G0318,Airport Pickup
T0319,G0319,Airport Pickup
T0320,G0320,Airport Pickup
T0321,G0321,Airport Drop
T0322,G0322,Airport Pickup
T0323,G0323,City Tour
T0324,G0324,City Tour
T0325,G0325,Airport Drop
T0326,G0326,City Tour
T0327,G0327,Airport Pickup
T0328,G0328,Airport Pickup
T0329,G0329,Airport Drop
T0330,G0330,City Tour
T0331,G0331,Airport Pickup
T0332,G0332,City Tour
T0333,G0333,City Tour
T0334,G0334,Airport Pickup
T0335,G0335,Airport Pickup
T0336,G0336,Airport Drop
T0337,G0337,Airport Pickup
T0338,G0338,Airport Drop
T0339,G0339,City Tour
T0340,G0340,City Tour
T0341,G0341,Airport Drop
T0342,G0342,Airport Drop
T0343,G0343,City Tour
T0344,G0344,Airport Pickup
T0345,G0345,Airport Pickup
T0346,G0346,City Tour
T0347,G0347,Airport Drop
T0348,G0348,Airport Drop
T0349,G0349,City Tour
T0350,G0350,Airport Pickup
T0351,G0351,Airport Drop
T0352,G0352,Airport Pickup
T0353,G0353,Airport Drop
T0354,G0354,City Tour
T0355,G0355,Airport Drop
T0356,G0356,City Tour
T0357,G0357,Airport Drop
T0358,G0358,City Tour
T0359,G0359,City Tour
T0360,G0360,Airport Drop
T0361,G0361,Airport Pickup
T0362,G0362,City Tour
T0363,G0363,Airport Pickup
T0364,G0364,City Tour
T0365,G0365,Airport Drop
T0366,G0366,Airport Drop
T0367,G0367,City Tour
T0368,G0368,Airport Drop
T0369,G0369,Airport Drop
T0370,G0370,City Tour
T0371,G0371,City Tour
T0372,G0372,Airport Pickup
T0373,G0373,Airport Pickup
T0374,G0374,City Tour
T0375,G0375,Airport Pickup
T0376,G0376,Airport Drop
T0377,G0377,Airport Drop
T0378,G0378,Airport Drop
T0379,G0379,City Tour
T0380,G0380,Airport Drop
T0381,G0381,Airport Drop
T0382,G0382,Airport Pickup
T0383,G0383,City Tour
T0384,G0384,City Tour
T0385,G0385,Airport Drop
T0386,G0386,City Tour
T0387,G0387,Airport Pickup
T0388,G0388,Airport Pickup
T0389,G0389,City Tour
T0390,G0390,Airport Drop
T0391,G0391,City Tour
T0392,G0392,Airport Pickup
T0393,G0393,Airport Drop
T0394,G0394,City Tour
T0395,G0395,Airport Pickup
T0396,G0396,City Tour
T0397,G0397,City Tour
T0398,G0398,Airport Drop
T0399,G0399,Airport Pickup
T0400,G0400,City Tour
T0401,G0401,City Tour
T0402,G0402,Airport Drop
T0403,G0403,City Tour
T0404,G0404,Airport Pickup
T0405,G0405,City Tour
T0406,G0406,Airport Drop
T0407,G0407,Airport Drop
T0408,G0408,Airport Drop
T0409,G0409,City Tour
T0410,G0410,Airport Drop
T0411,G0411,Airport Pickup
T0412,G0412,Airport Pickup
T0413,G0413,City Tour
T0414,G0414,City Tour
T0415,G0415,Airport Pickup
T0416,G0416,Airport Pickup
T0417,G0417,Airport Pickup
T0418,G0418,Airport Pickup
T0419,G0419,Airport Pickup
T0420,G0420,Airport Pickup
T0421,G0421,Airport Pickup
T0422,G0422,Airport Drop
T0423,G0423,Airport Pickup
T0424,G0424,Airport Pickup
T0425,G0425,Airport Pickup
T0426,G0426,City Tour
T0427,G0427,City Tour
T0428,G0428,Airport Drop
T0429,G0429,City Tour
T0430,G0430,Airport Drop
T0431,G0431,City Tour
T0432,G0432,City Tour
T0433,G0433,City Tour
T0434,G0434,City Tour
T0435,G0435,Airport Drop
T0436,G0436,Airport Pickup
T0437,G0437,Airport Drop
T0438,G0438,Airport Pickup
T0439,G0439,City Tour
T0440,G0440,City Tour
T0441,G0441,Airport Pickup
T0442,G0442,Airport Pickup
T0443,G0443,Airport Pickup
T0444,G0444,City Tour
T0445,G0445,Airport Drop
T0446,G0446,Airport Pickup
T0447,G0447,Airport Drop
T0448,G0448,City Tour
T0449,G0449,Airport Pickup
T0450,G0450,Airport Drop
T0451,G0451,City Tour
T0452,G0452,City Tour
T0453,G0453,Airport Drop
T0454,G0454,Airport Drop
T0455,G0455,City Tour
T0456,G0456,Airport Pickup
T0457,G0457,City Tour
T0458,G0458,Airport Drop
T0459,G0459,City Tour
T0460,G0460,Airport Pickup
T0461,G0461,City Tour
T0462,G0462,Airport Pickup
T0463,G0463,Airport Drop
T0464,G0464,Airport Pickup
T0465,G0465,Airport Pickup
T0466,G0466,City Tour
T0467,G0467,Airport Pickup
T0468,G0468,Airport Pickup
T0469,G0469,City Tour
T0470,G0470,Airport Pickup
T0471,G0471,City Tour
T0472,G0472,Airport Drop
T0473,G0473,Airport Pickup
T0474,G0474,Airport Pickup
T0475,G0475,City Tour
T0476,G0476,City Tour
T0477,G0477,Airport Pickup
T0478,G0478,City Tour
T0479,G0479,City Tour
T0480,G0480,Airport Pickup
T0481,G0481,City Tour
T0482,G0482,City Tour
T0483,G0483,City Tour
T0484,G0484,Airport Drop
T0485,G0485,City Tour
T0486,G0486,Airport Pickup
T0487,G0487,City Tour
T0488,G0488,City Tour
T0489,G0489,Airport Drop
T0490,G0490,City Tour
T0491,G0491,Airport Drop
T0492,G0492,City Tour
T0493,G0493,City Tour
T0494,G0494,Airport Drop
T0495,G0495,Airport Pickup
T0496,G0496,Airport Pickup
T0497,G0497,Airport Pickup
T0498,G0498,City Tour
T0499,G0499,Airport Drop
T0500,G0500,City Tour
