IncidentID,GuestID,Incident
S0001,G0001,Lost Key
S0002,G0002,Visitor Verification
S0003,G0003,None
S0004,G0004,Visitor Verification
S0005,G0005,Visitor Verification
S0006,G0006,Lost Key
S0007,G0007,Lost Key
S0008,G0008,Lost Key
S0009,G0009,Visitor Verification
S0010,G0010,Lost Key
S0011,G0011,Lost Key
S0012,G0012,Lost Key
S0013,G0013,Visitor Verification
S0014,G0014,Lost Key
S0015,G0015,Visitor Verification
S0016,G0016,Lost Key
S0017,G0017,Visitor Verification
S0018,G0018,None
S0019,G0019,Visitor Verification
S0020,G0020,Visitor Verification
S0021,G0021,None
S0022,G0022,Lost Key
S0023,G0023,Visitor Verification
S0024,G0024,Visitor Verification
S0025,G0025,Lost Key
S0026,G0026,Lost Key
S0027,G0027,Lost Key
S0028,G0028,Lost Key
S0029,G0029,Lost Key
S0030,G0030,None
S0031,G0031,Visitor Verification
S0032,G0032,None
S0033,G0033,Lost Key
S0034,G0034,Visitor Verification
S0035,G0035,None
S0036,G0036,Visitor Verification
S0037,G0037,None
S0038,G0038,Lost Key
S0039,G0039,None
S0040,G0040,Lost Key
S0041,G0041,None
S0042,G0042,None
S0043,G0043,Lost Key
S0044,G0044,None
S0045,G0045,Visitor Verification
S0046,G0046,Lost Key
S0047,G0047,Visitor Verification
S0048,G0048,Visitor Verification
S0049,G0049,Visitor Verification
S0050,G0050,Visitor Verification
S0051,G0051,Visitor Verification
S0052,G0052,None
S0053,G0053,None
S0054,G0054,None
S0055,G0055,Lost Key
S0056,G0056,Lost Key
S0057,G0057,None
S0058,G0058,None
S0059,G0059,Lost Key
S0060,G0060,Lost Key
S0061,G0061,Visitor Verification
S0062,G0062,None
S0063,G0063,None
S0064,G0064,Lost Key
S0065,G0065,Lost Key
S0066,G0066,None
S0067,G0067,Visitor Verification
S0068,G0068,Lost Key
S0069,G0069,Visitor Verification
S0070,G0070,None
S0071,G0071,Visitor Verification
S0072,G0072,None
S0073,G0073,Visitor Verification
S0074,G0074,Lost Key
S0075,G0075,Lost Key
S0076,G0076,None
S0077,G0077,Lost Key
S0078,G0078,Visitor Verification
S0079,G0079,Visitor Verification
S0080,G0080,Visitor Verification
S0081,G0081,None
S0082,G0082,Visitor Verification
S0083,G0083,Visitor Verification
S0084,G0084,Lost Key
S0085,G0085,None
S0086,G0086,Visitor Verification
S0087,G0087,Visitor Verification
S0088,G0088,Lost Key
S0089,G0089,None
S0090,G0090,None
S0091,G0091,Lost Key
S0092,G0092,Lost Key
S0093,G0093,Lost Key
S0094,G0094,Lost Key
S0095,G0095,None
S0096,G0096,None
S0097,G0097,Visitor Verification
S0098,G0098,Visitor Verification
S0099,G0099,Visitor Verification
S0100,G0100,None
S0101,G0101,Visitor Verification
S0102,G0102,Visitor Verification
S0103,G0103,Lost Key
S0104,G0104,None
S0105,G0105,Lost Key
S0106,G0106,Visitor Verification
S0107,G0107,None
S0108,G0108,Lost Key
S0109,G0109,Visitor Verification
S0110,G0110,Visitor Verification
S0111,G0111,None
S0112,G0112,Lost Key
S0113,G0113,Visitor Verification
S0114,G0114,Visitor Verification
S0115,G0115,None
S0116,G0116,None
S0117,G0117,None
S0118,G0118,Visitor Verification
S0119,G0119,Visitor Verification
S0120,G0120,Lost Key
S0121,G0121,Lost Key
S0122,G0122,Visitor Verification
S0123,G0123,Visitor Verification
S0124,G0124,Visitor Verification
S0125,G0125,None
S0126,G0126,None
S0127,G0127,Lost Key
S0128,G0128,Lost Key
S0129,G0129,Lost Key
S0130,G0130,None
S0131,G0131,None
S0132,G0132,Lost Key
S0133,G0133,None
S0134,G0134,Lost Key
S0135,G0135,Visitor Verification
S0136,G0136,Visitor Verification
S0137,G0137,None
S0138,G0138,Visitor Verification
S0139,G0139,Lost Key
S0140,G0140,Lost Key
S0141,G0141,None
S0142,G0142,Lost Key
S0143,G0143,Visitor Verification
S0144,G0144,Lost Key
S0145,G0145,Visitor Verification
S0146,G0146,None
S0147,G0147,None
S0148,G0148,Lost Key
S0149,G0149,Visitor Verification
S0150,G0150,None
S0151,G0151,Lost Key
S0152,G0152,Lost Key
S0153,G0153,Visitor Verification
S0154,G0154,Visitor Verification
S0155,G0155,None
S0156,G0156,Visitor Verification
S0157,G0157,Visitor Verification
S0158,G0158,Visitor Verification
S0159,G0159,Visitor Verification
S0160,G0160,None
S0161,G0161,None
S0162,G0162,None
S0163,G0163,Lost Key
S0164,G0164,Lost Key
S0165,G0165,Lost Key
S0166,G0166,Visitor Verification
S0167,G0167,Visitor Verification
S0168,G0168,None
S0169,G0169,None
S0170,G0170,Visitor Verification
S0171,G0171,Lost Key
S0172,G0172,Lost Key
S0173,G0173,Lost Key
S0174,G0174,Lost Key
S0175,G0175,None
S0176,G0176,Lost Key
S0177,G0177,Lost Key
S0178,G0178,Visitor Verification
S0179,G0179,Visitor Verification
S0180,G0180,None
S0181,G0181,Lost Key
S0182,G0182,None
S0183,G0183,Lost Key
S0184,G0184,Visitor Verification
S0185,G0185,Lost Key
S0186,G0186,Visitor Verification
S0187,G0187,None
S0188,G0188,Lost Key
S0189,G0189,None
S0190,G0190,None
S0191,G0191,None
S0192,G0192,Visitor Verification
S0193,G0193,Lost Key
S0194,G0194,None
S0195,G0195,Visitor Verification
S0196,G0196,None
S0197,G0197,None
S0198,G0198,Visitor Verification
S0199,G0199,None
S0200,G0200,None
S0201,G0201,Visitor Verification
S0202,G0202,None
S0203,G0203,Lost Key
S0204,G0204,None
S0205,G0205,Lost Key
S0206,G0206,Visitor Verification
S0207,G0207,None
S0208,G0208,Lost Key
S0209,G0209,Lost Key
S0210,G0210,Lost Key
S0211,G0211,None
S0212,G0212,Lost Key
S0213,G0213,None
S0214,G0214,Visitor Verification
S0215,G0215,Visitor Verification
S0216,G0216,None
S0217,G0217,None
S0218,G0218,Visitor Verification
S0219,G0219,Visitor Verification
S0220,G0220,Lost Key
S0221,G0221,Visitor Verification
S0222,G0222,Lost Key
S0223,G0223,Visitor Verification
S0224,G0224,Visitor Verification
S0225,G0225,None
S0226,G0226,Visitor Verification
S0227,G0227,Visitor Verification
S0228,G0228,Visitor Verification
S0229,G0229,None
S0230,G0230,Lost Key
S0231,G0231,Visitor Verification
S0232,G0232,Visitor Verification
S0233,G0233,Visitor Verification
S0234,G0234,None
S0235,G0235,Lost Key
S0236,G0236,None
S0237,G0237,None
S0238,G0238,Lost Key
S0239,G0239,None
S0240,G0240,Visitor Verification
S0241,G0241,Visitor Verification
S0242,G0242,Lost Key
S0243,G0243,None
S0244,G0244,Lost Key
S0245,G0245,Visitor Verification
S0246,G0246,None
S0247,G0247,None
S0248,G0248,Lost Key
S0249,G0249,Visitor Verification
S0250,G0250,Lost Key
S0251,G0251,Visitor Verification
S0252,G0252,Visitor Verification
S0253,G0253,Lost Key
S0254,G0254,None
S0255,G0255,None
S0256,G0256,Lost Key
S0257,G0257,Visitor Verification
S0258,G0258,Lost Key
S0259,G0259,None
S0260,G0260,Lost Key
S0261,G0261,Visitor Verification
S0262,G0262,Visitor Verification
S0263,G0263,None
S0264,G0264,Lost Key
S0265,G0265,Lost Key
S0266,G0266,Visitor Verification
S0267,G0267,Visitor Verification
S0268,G0268,None
S0269,G0269,None
S0270,G0270,None
S0271,G0271,Visitor Verification
S0272,G0272,Lost Key
S0273,G0273,Visitor Verification
S0274,G0274,Visitor Verification
S0275,G0275,None
S0276,G0276,None
S0277,G0277,None
S0278,G0278,Visitor Verification
S0279,G0279,Lost Key
S0280,G0280,Lost Key
S0281,G0281,Lost Key
S0282,G0282,Lost Key
S0283,G0283,Visitor Verification
S0284,G0284,None
S0285,G0285,None
S0286,G0286,Lost Key
S0287,G0287,Visitor Verification
S0288,G0288,Lost Key
S0289,G0289,Lost Key
S0290,G0290,Visitor Verification
S0291,G0291,Lost Key
S0292,G0292,None
S0293,G0293,Visitor Verification
S0294,G0294,Lost Key
S0295,G0295,None
S0296,G0296,Visitor Verification
S0297,G0297,Lost Key
S0298,G0298,Lost Key
S0299,G0299,None
S0300,G0300,Visitor Verification
S0301,G0301,Lost Key
S0302,G0302,None
S0303,G0303,None
S0304,G0304,Lost Key
S0305,G0305,Lost Key
S0306,G0306,Visitor Verification
S0307,G0307,None
S0308,G0308,None
S0309,G0309,Visitor Verification
S0310,G0310,Lost Key
S0311,G0311,Visitor Verification
S0312,G0312,Visitor Verification
S0313,G0313,Visitor Verification
S0314,G0314,Visitor Verification
S0315,G0315,Visitor Verification
S0316,G0316,None
S0317,G0317,Lost Key
S0318,G0318,None
S0319,G0319,Visitor Verification
S0320,G0320,None
S0321,G0321,Lost Key
S0322,G0322,Lost Key
S0323,G0323,Visitor Verification
S0324,G0324,Lost Key
S0325,G0325,Lost Key
S0326,G0326,Visitor Verification
S0327,G0327,None
S0328,G0328,None
S0329,G0329,Visitor Verification
S0330,G0330,None
S0331,G0331,Visitor Verification
S0332,G0332,Visitor Verification
S0333,G0333,Visitor Verification
S0334,G0334,None
S0335,G0335,None
S0336,G0336,Lost Key
S0337,G0337,Visitor Verification
S0338,G0338,Visitor Verification
S0339,G0339,Visitor Verification
S0340,G0340,None
S0341,G0341,Lost Key
S0342,G0342,None
S0343,G0343,Visitor Verification
S0344,G0344,Visitor Verification
S0345,G0345,None
S0346,G0346,Lost Key
S0347,G0347,None
S0348,G0348,Visitor Verification
S0349,G0349,Visitor Verification
S0350,G0350,Visitor Verification
S0351,G0351,None
S0352,G0352,None
S0353,G0353,Lost Key
S0354,G0354,None
S0355,G0355,Visitor Verification
S0356,G0356,None
S0357,G0357,Lost Key
S0358,G0358,Lost Key
S0359,G0359,Lost Key
S0360,G0360,Lost Key
S0361,G0361,Lost Key
S0362,G0362,Visitor Verification
S0363,G0363,Visitor Verification
S0364,G0364,Visitor Verification
S0365,G0365,Lost Key
S0366,G0366,None
S0367,G0367,None
S0368,G0368,None
S0369,G0369,None
S0370,G0370,None
S0371,G0371,None
S0372,G0372,Visitor Verification
S0373,G0373,Visitor Verification
S0374,G0374,Lost Key
S0375,G0375,Visitor Verification
S0376,G0376,Visitor Verification
S0377,G0377,Visitor Verification
S0378,G0378,None
S0379,G0379,Visitor Verification
S0380,G0380,None
S0381,G0381,None
S0382,G0382,Visitor Verification
S0383,G0383,None
S0384,G0384,Lost Key
S0385,G0385,None
S0386,G0386,Visitor Verification
S0387,G0387,Lost Key
S0388,G0388,None
S0389,G0389,Visitor Verification
S0390,G0390,Visitor Verification
S0391,G0391,Lost Key
S0392,G0392,Visitor Verification
S0393,G0393,Visitor Verification
S0394,G0394,Lost Key
S0395,G0395,None
S0396,G0396,Lost Key
S0397,G0397,Lost Key
S0398,G0398,Lost Key
S0399,G0399,None
S0400,G0400,None
S0401,G0401,None
S0402,G0402,None
S0403,G0403,None
S0404,G0404,Lost Key
S0405,G0405,None
S0406,G0406,Lost Key
S0407,G0407,Lost Key
S0408,G0408,None
S0409,G0409,Visitor Verification
S0410,G0410,Visitor Verification
S0411,G0411,None
S0412,G0412,None
S0413,G0413,None
S0414,G0414,None
S0415,G0415,Lost Key
S0416,G0416,Visitor Verification
S0417,G0417,Lost Key
S0418,G0418,Visitor Verification
S0419,G0419,Lost Key
S0420,G0420,Lost Key
S0421,G0421,None
S0422,G0422,Lost Key
S0423,G0423,Lost Key
S0424,G0424,None
S0425,G0425,Visitor Verification
S0426,G0426,Visitor Verification
S0427,G0427,Lost Key
S0428,G0428,Visitor Verification
S0429,G0429,Lost Key
S0430,G0430,Lost Key
S0431,G0431,Visitor Verification
S0432,G0432,Visitor Verification
S0433,G0433,Visitor Verification
S0434,G0434,Visitor Verification
S0435,G0435,Visitor Verification
S0436,G0436,Visitor Verification
S0437,G0437,Visitor Verification
S0438,G0438,Visitor Verification
S0439,G0439,None
S0440,G0440,Visitor Verification
S0441,G0441,None
S0442,G0442,Lost Key
S0443,G0443,Lost Key
S0444,G0444,None
S0445,G0445,None
S0446,G0446,Visitor Verification
S0447,G0447,Visitor Verification
S0448,G0448,Lost Key
S0449,G0449,Visitor Verification
S0450,G0450,None
S0451,G0451,Visitor Verification
S0452,G0452,Lost Key
S0453,G0453,Visitor Verification
S0454,G0454,Visitor Verification
S0455,G0455,None
S0456,G0456,None
S0457,G0457,Lost Key
S0458,G0458,Lost Key
S0459,G0459,Lost Key
S0460,G0460,Lost Key
S0461,G0461,Lost Key
S0462,G0462,Lost Key
S0463,G0463,None
S0464,G0464,Lost Key
S0465,G0465,Lost Key
S0466,G0466,Visitor Verification
S0467,G0467,None
S0468,G0468,Visitor Verification
S0469,G0469,Visitor Verification
S0470,G0470,None
S0471,G0471,Lost Key
S0472,G0472,Visitor Verification
S0473,G0473,Lost Key
S0474,G0474,None
S0475,G0475,Visitor Verification
S0476,G0476,Visitor Verification
S0477,G0477,None
S0478,G0478,None
S0479,G0479,Visitor Verification
S0480,G0480,Visitor Verification
S0481,G0481,Visitor Verification
S0482,G0482,None
S0483,G0483,Lost Key
S0484,G0484,Lost Key
S0485,G0485,Lost Key
S0486,G0486,Lost Key
S0487,G0487,None
S0488,G0488,None
S0489,G0489,Lost Key
S0490,G0490,Visitor Verification
S0491,G0491,Visitor Verification
S0492,G0492,None
S0493,G0493,Lost Key
S0494,G0494,None
S0495,G0495,Lost Key
S0496,G0496,Lost Key
S0497,G0497,Visitor Verification
S0498,G0498,Visitor Verification
S0499,G0499,Visitor Verification
S0500,G0500,None
