ActivityID,GuestID,Activity
EXP0001,G0001,Spa
EXP0002,G0002,Spa
EXP0003,G0003,Spa
EXP0004,G0004,Yoga
EXP0005,G0005,Tour
EXP0006,G0006,Spa
EXP0007,G0007,Yoga
EXP0008,G0008,Cruise
EXP0009,G0009,Yoga
EXP0010,G0010,Yoga
EXP0011,G0011,Spa
EXP0012,G0012,Cruise
EXP0013,G0013,Tour
EXP0014,G0014,Cruise
EXP0015,G0015,Cruise
EXP0016,G0016,Cruise
EXP0017,G0017,Cruise
EXP0018,G0018,Spa
EXP0019,G0019,Yoga
EXP0020,G0020,Tour
EXP0021,G0021,Tour
EXP0022,G0022,Yoga
EXP0023,G0023,Tour
EXP0024,G0024,Cruise
EXP0025,G0025,Spa
EXP0026,G0026,Cruise
EXP0027,G0027,Cruise
EXP0028,G0028,Spa
EXP0029,G0029,Tour
EXP0030,G0030,Spa
EXP0031,G0031,Yoga
EXP0032,G0032,Yoga
EXP0033,G0033,Yoga
EXP0034,G0034,Spa
EXP0035,G0035,Yoga
EXP0036,G0036,Cruise
EXP0037,G0037,Cruise
EXP0038,G0038,Yoga
EXP0039,G0039,Yoga
EXP0040,G0040,Yoga
EXP0041,G0041,Yoga
EXP0042,G0042,Spa
EXP0043,G0043,Spa
EXP0044,G0044,Cruise
EXP0045,G0045,Tour
EXP0046,G0046,Cruise
EXP0047,G0047,Spa
EXP0048,G0048,Cruise
EXP0049,G0049,Cruise
EXP0050,G0050,Spa
EXP0051,G0051,Tour
EXP0052,G0052,Spa
EXP0053,G0053,Cruise
EXP0054,G0054,Spa
EXP0055,G0055,Tour
EXP0056,G0056,Tour
EXP0057,G0057,Spa
EXP0058,G0058,Spa
EXP0059,G0059,Spa
EXP0060,G0060,Yoga
EXP0061,G0061,Cruise
EXP0062,G0062,Cruise
EXP0063,G0063,Tour
EXP0064,G0064,Cruise
EXP0065,G0065,Yoga
EXP0066,G0066,Tour
EXP0067,G0067,Spa
EXP0068,G0068,Spa
EXP0069,G0069,Tour
EXP0070,G0070,Tour
EXP0071,G0071,Tour
EXP0072,G0072,Yoga
EXP0073,G0073,Spa
EXP0074,G0074,Yoga
EXP0075,G0075,Spa
EXP0076,G0076,Tour
EXP0077,G0077,Yoga
EXP0078,G0078,Cruise
EXP0079,G0079,Spa
EXP0080,G0080,Tour
EXP0081,G0081,Tour
EXP0082,G0082,Yoga
EXP0083,G0083,Cruise
EXP0084,G0084,Cruise
EXP0085,G0085,Spa
EXP0086,G0086,Spa
EXP0087,G0087,Spa
EXP0088,G0088,Yoga
EXP0089,G0089,Tour
EXP0090,G0090,Yoga
EXP0091,G0091,Tour
EXP0092,G0092,Tour
EXP0093,G0093,Tour
EXP0094,G0094,Cruise
EXP0095,G0095,Yoga
EXP0096,G0096,Yoga
EXP0097,G0097,Yoga
EXP0098,G0098,Cruise
EXP0099,G0099,Cruise
EXP0100,G0100,Tour
EXP0101,G0101,Cruise
EXP0102,G0102,Spa
EXP0103,G0103,Spa
EXP0104,G0104,Spa
EXP0105,G0105,Yoga
EXP0106,G0106,Spa
EXP0107,G0107,Cruise
EXP0108,G0108,Yoga
EXP0109,G0109,Yoga
EXP0110,G0110,Spa
EXP0111,G0111,Tour
EXP0112,G0112,Tour
EXP0113,G0113,Cruise
EXP0114,G0114,Spa
EXP0115,G0115,Cruise
EXP0116,G0116,Tour
EXP0117,G0117,Tour
EXP0118,G0118,Spa
EXP0119,G0119,Tour
EXP0120,G0120,Tour
EXP0121,G0121,Tour
EXP0122,G0122,Spa
EXP0123,G0123,Spa
EXP0124,G0124,Tour
EXP0125,G0125,Tour
EXP0126,G0126,Yoga
EXP0127,G0127,Spa
EXP0128,G0128,Cruise
EXP0129,G0129,Cruise
EXP0130,G0130,Tour
EXP0131,G0131,Tour
EXP0132,G0132,Yoga
EXP0133,G0133,Yoga
EXP0134,G0134,Spa
EXP0135,G0135,Cruise
EXP0136,G0136,Yoga
EXP0137,G0137,Cruise
EXP0138,G0138,Yoga
EXP0139,G0139,Tour
EXP0140,G0140,Yoga
EXP0141,G0141,Yoga
EXP0142,G0142,Spa
EXP0143,G0143,Tour
EXP0144,G0144,Tour
EXP0145,G0145,Spa
EXP0146,G0146,Cruise
EXP0147,G0147,Tour
EXP0148,G0148,Tour
EXP0149,G0149,Spa
EXP0150,G0150,Cruise
EXP0151,G0151,Tour
EXP0152,G0152,Spa
EXP0153,G0153,Tour
EXP0154,G0154,Yoga
EXP0155,G0155,Cruise
EXP0156,G0156,Yoga
EXP0157,G0157,Cruise
EXP0158,G0158,Spa
EXP0159,G0159,Tour
EXP0160,G0160,Tour
EXP0161,G0161,Spa
EXP0162,G0162,Tour
EXP0163,G0163,Yoga
EXP0164,G0164,Spa
EXP0165,G0165,Yoga
EXP0166,G0166,Cruise
EXP0167,G0167,Tour
EXP0168,G0168,Yoga
EXP0169,G0169,Tour
EXP0170,G0170,Cruise
EXP0171,G0171,Tour
EXP0172,G0172,Cruise
EXP0173,G0173,Spa
EXP0174,G0174,Tour
EXP0175,G0175,Spa
EXP0176,G0176,Cruise
EXP0177,G0177,Spa
EXP0178,G0178,Yoga
EXP0179,G0179,Spa
EXP0180,G0180,Yoga
EXP0181,G0181,Cruise
EXP0182,G0182,Cruise
EXP0183,G0183,Tour
EXP0184,G0184,Yoga
EXP0185,G0185,Tour
EXP0186,G0186,Tour
EXP0187,G0187,Cruise
EXP0188,G0188,Spa
EXP0189,G0189,Cruise
EXP0190,G0190,Cruise
EXP0191,G0191,Spa
EXP0192,G0192,Yoga
EXP0193,G0193,Yoga
EXP0194,G0194,Spa
EXP0195,G0195,Spa
EXP0196,G0196,Tour
EXP0197,G0197,Spa
EXP0198,G0198,Spa
EXP0199,G0199,Tour
EXP0200,G0200,Yoga
EXP0201,G0201,Spa
EXP0202,G0202,Spa
EXP0203,G0203,Tour
EXP0204,G0204,Spa
EXP0205,G0205,Tour
EXP0206,G0206,Cruise
EXP0207,G0207,Tour
EXP0208,G0208,Cruise
EXP0209,G0209,Cruise
EXP0210,G0210,Tour
EXP0211,G0211,Tour
EXP0212,G0212,Tour
EXP0213,G0213,Yoga
EXP0214,G0214,Spa
EXP0215,G0215,Tour
EXP0216,G0216,Cruise
EXP0217,G0217,Cruise
EXP0218,G0218,Tour
EXP0219,G0219,Spa
EXP0220,G0220,Spa
EXP0221,G0221,Spa
EXP0222,G0222,Cruise
EXP0223,G0223,Tour
EXP0224,G0224,Tour
EXP0225,G0225,Tour
EXP0226,G0226,Cruise
EXP0227,G0227,Tour
EXP0228,G0228,Cruise
EXP0229,G0229,Cruise
EXP0230,G0230,Spa
EXP0231,G0231,Tour
EXP0232,G0232,Tour
EXP0233,G0233,Yoga
EXP0234,G0234,Spa
EXP0235,G0235,Cruise
EXP0236,G0236,Spa
EXP0237,G0237,Yoga
EXP0238,G0238,Spa
EXP0239,G0239,Spa
EXP0240,G0240,Yoga
EXP0241,G0241,Spa
EXP0242,G0242,Spa
EXP0243,G0243,Yoga
EXP0244,G0244,Yoga
EXP0245,G0245,Cruise
EXP0246,G0246,Yoga
EXP0247,G0247,Tour
EXP0248,G0248,Tour
EXP0249,G0249,Tour
EXP0250,G0250,Cruise
EXP0251,G0251,Spa
EXP0252,G0252,Yoga
EXP0253,G0253,Cruise
EXP0254,G0254,Spa
EXP0255,G0255,Yoga
EXP0256,G0256,Spa
EXP0257,G0257,Yoga
EXP0258,G0258,Tour
EXP0259,G0259,Yoga
EXP0260,G0260,Yoga
EXP0261,G0261,Cruise
EXP0262,G0262,Cruise
EXP0263,G0263,Cruise
EXP0264,G0264,Tour
EXP0265,G0265,Tour
EXP0266,G0266,Yoga
EXP0267,G0267,Cruise
EXP0268,G0268,Tour
EXP0269,G0269,Tour
EXP0270,G0270,Yoga
EXP0271,G0271,Yoga
EXP0272,G0272,Spa
EXP0273,G0273,Spa
EXP0274,G0274,Yoga
EXP0275,G0275,Spa
EXP0276,G0276,Tour
EXP0277,G0277,Yoga
EXP0278,G0278,Yoga
EXP0279,G0279,Cruise
EXP0280,G0280,Tour
EXP0281,G0281,Tour
EXP0282,G0282,Cruise
EXP0283,G0283,Spa
EXP0284,G0284,Yoga
EXP0285,G0285,Spa
EXP0286,G0286,Tour
EXP0287,G0287,Spa
EXP0288,G0288,Tour
EXP0289,G0289,Yoga
EXP0290,G0290,Yoga
EXP0291,G0291,Yoga
EXP0292,G0292,Cruise
EXP0293,G0293,Cruise
EXP0294,G0294,Cruise
EXP0295,G0295,Yoga
EXP0296,G0296,Yoga
EXP0297,G0297,Spa
EXP0298,G0298,Tour
EXP0299,G0299,Cruise
EXP0300,G0300,Yoga
EXP0301,G0301,Yoga
EXP0302,G0302,Tour
EXP0303,G0303,Cruise
EXP0304,G0304,Cruise
EXP0305,G0305,Spa
EXP0306,G0306,Yoga
EXP0307,G0307,Spa
EXP0308,G0308,Yoga
EXP0309,G0309,Tour
EXP0310,G0310,Spa
EXP0311,G0311,Yoga
EXP0312,G0312,Cruise
EXP0313,G0313,Tour
EXP0314,G0314,Yoga
EXP0315,G0315,Spa
EXP0316,G0316,Spa
EXP0317,G0317,Yoga
EXP0318,G0318,Tour
EXP0319,G0319,Yoga
EXP0320,G0320,Spa
EXP0321,G0321,Spa
EXP0322,G0322,Cruise
EXP0323,G0323,Cruise
EXP0324,G0324,Spa
EXP0325,G0325,Cruise
EXP0326,G0326,Cruise
EXP0327,G0327,Yoga
EXP0328,G0328,Tour
EXP0329,G0329,Yoga
EXP0330,G0330,Yoga
EXP0331,G0331,Cruise
EXP0332,G0332,Cruise
EXP0333,G0333,Tour
EXP0334,G0334,Tour
EXP0335,G0335,Tour
EXP0336,G0336,Yoga
EXP0337,G0337,Tour
EXP0338,G0338,Spa
EXP0339,G0339,Spa
EXP0340,G0340,Yoga
EXP0341,G0341,Cruise
EXP0342,G0342,Tour
EXP0343,G0343,Spa
EXP0344,G0344,Tour
EXP0345,G0345,Spa
EXP0346,G0346,Spa
EXP0347,G0347,Tour
EXP0348,G0348,Spa
EXP0349,G0349,Tour
EXP0350,G0350,Spa
EXP0351,G0351,Cruise
EXP0352,G0352,Yoga
EXP0353,G0353,Yoga
EXP0354,G0354,Tour
EXP0355,G0355,Yoga
EXP0356,G0356,Yoga
EXP0357,G0357,Yoga
EXP0358,G0358,Yoga
EXP0359,G0359,Cruise
EXP0360,G0360,Cruise
EXP0361,G0361,Yoga
EXP0362,G0362,Cruise
EXP0363,G0363,Cruise
EXP0364,G0364,Yoga
EXP0365,G0365,Tour
EXP0366,G0366,Yoga
EXP0367,G0367,Cruise
EXP0368,G0368,Tour
EXP0369,G0369,Cruise
EXP0370,G0370,Cruise
EXP0371,G0371,Spa
EXP0372,G0372,Spa
EXP0373,G0373,Spa
EXP0374,G0374,Cruise
EXP0375,G0375,Yoga
EXP0376,G0376,Yoga
EXP0377,G0377,Cruise
EXP0378,G0378,Spa
EXP0379,G0379,Cruise
EXP0380,G0380,Yoga
EXP0381,G0381,Yoga
EXP0382,G0382,Yoga
EXP0383,G0383,Cruise
EXP0384,G0384,Yoga
EXP0385,G0385,Yoga
EXP0386,G0386,Yoga
EXP0387,G0387,Yoga
EXP0388,G0388,Tour
EXP0389,G0389,Cruise
EXP0390,G0390,Cruise
EXP0391,G0391,Yoga
EXP0392,G0392,Spa
EXP0393,G0393,Yoga
EXP0394,G0394,Cruise
EXP0395,G0395,Tour
EXP0396,G0396,Yoga
EXP0397,G0397,Tour
EXP0398,G0398,Spa
EXP0399,G0399,Spa
EXP0400,G0400,Yoga
EXP0401,G0401,Tour
EXP0402,G0402,Spa
EXP0403,G0403,Yoga
EXP0404,G0404,Spa
EXP0405,G0405,Cruise
EXP0406,G0406,Tour
EXP0407,G0407,Yoga
EXP0408,G0408,Spa
EXP0409,G0409,Spa
EXP0410,G0410,Cruise
EXP0411,G0411,Yoga
EXP0412,G0412,Spa
EXP0413,G0413,Tour
EXP0414,G0414,Spa
EXP0415,G0415,Tour
EXP0416,G0416,Spa
EXP0417,G0417,Yoga
EXP0418,G0418,Yoga
EXP0419,G0419,Yoga
EXP0420,G0420,Tour
EXP0421,G0421,Yoga
EXP0422,G0422,Tour
EXP0423,G0423,Tour
EXP0424,G0424,Tour
EXP0425,G0425,Cruise
EXP0426,G0426,Spa
EXP0427,G0427,Tour
EXP0428,G0428,Tour
EXP0429,G0429,Spa
EXP0430,G0430,Yoga
EXP0431,G0431,Cruise
EXP0432,G0432,Spa
EXP0433,G0433,Tour
EXP0434,G0434,Spa
EXP0435,G0435,Tour
EXP0436,G0436,Yoga
EXP0437,G0437,Spa
EXP0438,G0438,Cruise
EXP0439,G0439,Spa
EXP0440,G0440,Tour
EXP0441,G0441,Tour
EXP0442,G0442,Cruise
EXP0443,G0443,Tour
EXP0444,G0444,Tour
EXP0445,G0445,Tour
EXP0446,G0446,Spa
EXP0447,G0447,Spa
EXP0448,G0448,Cruise
EXP0449,G0449,Cruise
EXP0450,G0450,Yoga
EXP0451,G0451,Tour
EXP0452,G0452,Cruise
EXP0453,G0453,Tour
EXP0454,G0454,Cruise
EXP0455,G0455,Yoga
EXP0456,G0456,Cruise
EXP0457,G0457,Spa
EXP0458,G0458,Tour
EXP0459,G0459,Spa
EXP0460,G0460,Cruise
EXP0461,G0461,Cruise
EXP0462,G0462,Yoga
EXP0463,G0463,Yoga
EXP0464,G0464,Yoga
EXP0465,G0465,Cruise
EXP0466,G0466,Yoga
EXP0467,G0467,Cruise
EXP0468,G0468,Cruise
EXP0469,G0469,Tour
EXP0470,G0470,Spa
EXP0471,G0471,Tour
EXP0472,G0472,Spa
EXP0473,G0473,Spa
EXP0474,G0474,Cruise
EXP0475,G0475,Yoga
EXP0476,G0476,Yoga
EXP0477,G0477,Yoga
EXP0478,G0478,Tour
EXP0479,G0479,Yoga
EXP0480,G0480,Cruise
EXP0481,G0481,Yoga
EXP0482,G0482,Yoga
EXP0483,G0483,Yoga
EXP0484,G0484,Tour
EXP0485,G0485,Cruise
EXP0486,G0486,Yoga
EXP0487,G0487,Spa
EXP0488,G0488,Tour
EXP0489,G0489,Yoga
EXP0490,G0490,Yoga
EXP0491,G0491,Tour
EXP0492,G0492,Spa
EXP0493,G0493,Spa
EXP0494,G0494,Tour
EXP0495,G0495,Yoga
EXP0496,G0496,Tour
EXP0497,G0497,Tour
EXP0498,G0498,Tour
EXP0499,G0499,Tour
EXP0500,G0500,Spa
