GuestID,Name,Gender,Nationality,City,Mobile,Email
G0001,Rajesh Mehta,Male,Canada,Bengaluru,1958682846,rajesh.mehta1@example.com
G0002,Amit Verma,Male,Germany,Delhi,1127978094,amit.verma2@example.com
G0003,Emily Wilson,Male,India,Sydney,7635473142,emily.wilson3@example.com
G0004,Arjun Verma,Male,Canada,Delhi,7110082321,arjun.verma4@example.com
G0005,Vikram Singh,Female,Australia,Mumbai,5693307665,vikram.singh5@example.com
G0006,Fatima Johnson,Male,Canada,Delhi,8429141456,fatima.johnson6@example.com
G0007,Michael Sharma,Male,Canada,Berlin,1298737106,michael.sharma7@example.com
G0008,Sophia Sharma,Male,UAE,Mumbai,6927597015,sophia.sharma8@example.com
G0009,Fatima Patel,Female,Australia,London,3783290795,fatima.patel9@example.com
G0010,Emily Patel,Male,France,Dubai,1240251661,emily.patel10@example.com
G0011,Ahmed Garcia,Male,Canada,Mumbai,2351531223,ahmed.garcia11@example.com
G0012,Michael Gupta,Female,France,Varanasi,2137651678,michael.gupta12@example.com
G0013,David Mehta,Male,Germany,Berlin,7010379415,david.mehta13@example.com
G0014,Vikram Wilson,Male,France,Mumbai,4246059658,vikram.wilson14@example.com
G0015,Vikram Gupta,Male,UK,Dubai,3561557300,vikram.gupta15@example.com
G0016,Michael Verma,Female,France,Sydney,5047709743,michael.verma16@example.com
G0017,David Gupta,Male,Australia,Mumbai,6555540744,david.gupta17@example.com
G0018,Arjun Kumar,Male,Canada,Sydney,4272602734,arjun.kumar18@example.com
G0019,Sophia Gupta,Male,UAE,Varanasi,4944899549,sophia.gupta19@example.com
G0020,Pooja Kumar,Female,USA,London,2320763135,pooja.kumar20@example.com
G0021,Emily Verma,Male,USA,Mumbai,8438486479,emily.verma21@example.com
G0022,Vikram Patel,Male,France,Sydney,6004182187,vikram.patel22@example.com
G0023,John Wilson,Female,UAE,Chicago,6898796145,john.wilson23@example.com
G0024,Neha Singh,Female,UAE,Mumbai,2452066459,neha.singh24@example.com
G0025,Emily Kumar,Male,USA,Delhi,1983297492,emily.kumar25@example.com
G0026,Ahmed Sharma,Male,UAE,Chicago,8168204967,ahmed.sharma26@example.com
G0027,Vikram Mehta,Male,France,Bengaluru,8664882079,vikram.mehta27@example.com
G0028,John Sharma,Female,USA,Dubai,6816663775,john.sharma28@example.com
G0029,Arjun Mehta,Female,India,Mumbai,5555296751,arjun.mehta29@example.com
G0030,Neha Singh,Female,UAE,Bengaluru,7598297060,neha.singh30@example.com
G0031,Sara Patel,Male,Canada,Toronto,4965395580,sara.patel31@example.com
G0032,Neha Kumar,Female,India,Mumbai,4645120421,neha.kumar32@example.com
G0033,Sara Hassan,Male,France,Bengaluru,9008612465,sara.hassan33@example.com
G0034,Anjali Garcia,Male,India,Dubai,7249213370,anjali.garcia34@example.com
G0035,Pooja Patel,Female,UAE,Chicago,9841118422,pooja.patel35@example.com
G0036,Ahmed Kumar,Male,India,Berlin,3281169403,ahmed.kumar36@example.com
G0037,Amit Patel,Male,USA,Berlin,9881824272,amit.patel37@example.com
G0038,Michael Sharma,Male,UAE,Berlin,3553440342,michael.sharma38@example.com
G0039,Sara Gupta,Male,Australia,Chicago,8370987661,sara.gupta39@example.com
G0040,David Garcia,Male,UK,Chicago,7258731893,david.garcia40@example.com
G0041,Rajesh Hassan,Male,USA,Mumbai,3309122187,rajesh.hassan41@example.com
G0042,Vikram Johnson,Female,USA,Bengaluru,6882074066,vikram.johnson42@example.com
G0043,Arjun Wilson,Male,Canada,Berlin,3271782991,arjun.wilson43@example.com
G0044,Neha Patel,Female,Canada,Mumbai,4821286999,neha.patel44@example.com
G0045,David Brown,Male,UAE,London,7393195616,david.brown45@example.com
G0046,Amit Gupta,Male,Germany,Chicago,1189351213,amit.gupta46@example.com
G0047,Vikram Gupta,Female,Canada,Varanasi,8478529823,vikram.gupta47@example.com
G0048,Rajesh Sharma,Female,USA,Varanasi,3343292475,rajesh.sharma48@example.com
G0049,Vikram Garcia,Female,UK,Delhi,6618926823,vikram.garcia49@example.com
G0050,Fatima Singh,Male,UAE,Mumbai,9051829827,fatima.singh50@example.com
G0051,Emily Patel,Male,UK,Dubai,1106456634,emily.patel51@example.com
G0052,Sara Gupta,Female,UAE,Chicago,4011966884,sara.gupta52@example.com
G0053,Priya Hassan,Female,UAE,Bengaluru,7271954644,priya.hassan53@example.com
G0054,Emily Singh,Female,India,Bengaluru,7006365648,emily.singh54@example.com
G0055,Amit Brown,Female,Australia,Sydney,7597996327,amit.brown55@example.com
G0056,Neha Brown,Male,UK,Berlin,2140169349,neha.brown56@example.com
G0057,Sara Johnson,Male,Australia,Dubai,3196545325,sara.johnson57@example.com
G0058,John Brown,Female,India,Dubai,9597198563,john.brown58@example.com
G0059,Fatima Garcia,Male,USA,London,7971399399,fatima.garcia59@example.com
G0060,Sophia Wilson,Male,Canada,Dubai,6695912196,sophia.wilson60@example.com
G0061,Vikram Singh,Female,Germany,Dubai,4877520294,vikram.singh61@example.com
G0062,Michael Wilson,Female,India,Chicago,2232285036,michael.wilson62@example.com
G0063,Ahmed Hassan,Female,France,Toronto,3901796894,ahmed.hassan63@example.com
G0064,Anjali Gupta,Female,USA,Chicago,2439622619,anjali.gupta64@example.com
G0065,Sophia Singh,Male,UAE,Varanasi,1104906255,sophia.singh65@example.com
G0066,Pooja Verma,Male,USA,Toronto,8285786023,pooja.verma66@example.com
G0067,Michael Singh,Female,UK,Delhi,4803044105,michael.singh67@example.com
G0068,Emily Patel,Female,France,Delhi,3394039673,emily.patel68@example.com
G0069,Arjun Patel,Male,France,Sydney,7852415525,arjun.patel69@example.com
G0070,Sara Wilson,Female,France,Varanasi,7333678472,sara.wilson70@example.com
G0071,Emily Gupta,Female,Canada,Sydney,6322520473,emily.gupta71@example.com
G0072,Amit Mehta,Female,Canada,Bengaluru,6461974809,amit.mehta72@example.com
G0073,Amit Patel,Female,UK,Bengaluru,1918920620,amit.patel73@example.com
G0074,Sara Johnson,Female,France,Dubai,1267429212,sara.johnson74@example.com
G0075,Michael Verma,Female,India,Berlin,6928691380,michael.verma75@example.com
G0076,Fatima Brown,Male,Germany,Dubai,4856070374,fatima.brown76@example.com
G0077,Emily Brown,Female,Germany,Toronto,5419627962,emily.brown77@example.com
G0078,Michael Mehta,Female,UK,Toronto,4949401194,michael.mehta78@example.com
G0079,Michael Verma,Male,India,Mumbai,8055556030,michael.verma79@example.com
G0080,Arjun Patel,Male,India,Chicago,6923206003,arjun.patel80@example.com
G0081,Arjun Johnson,Male,Australia,Dubai,7105574449,arjun.johnson81@example.com
G0082,Pooja Kumar,Male,India,London,2062073697,pooja.kumar82@example.com
G0083,Vikram Singh,Male,UK,Toronto,3875303857,vikram.singh83@example.com
G0084,Arjun Mehta,Male,Canada,London,4518871744,arjun.mehta84@example.com
G0085,Neha Verma,Female,India,Chicago,6906898409,neha.verma85@example.com
G0086,Amit Verma,Male,UAE,Mumbai,4459716271,amit.verma86@example.com
G0087,Fatima Wilson,Male,Germany,London,9886101513,fatima.wilson87@example.com
G0088,Rajesh Garcia,Female,France,Mumbai,5952059278,rajesh.garcia88@example.com
G0089,David Verma,Male,France,Toronto,6447717367,david.verma89@example.com
G0090,Amit Brown,Male,France,Bengaluru,8518238399,amit.brown90@example.com
G0091,Ahmed Kumar,Female,France,London,6075963527,ahmed.kumar91@example.com
G0092,Fatima Brown,Male,Australia,Chicago,9633533290,fatima.brown92@example.com
G0093,Amit Singh,Male,Germany,Toronto,8352307139,amit.singh93@example.com
G0094,Rajesh Sharma,Female,Canada,Bengaluru,6339955011,rajesh.sharma94@example.com
G0095,Pooja Wilson,Female,Australia,Dubai,7658867789,pooja.wilson95@example.com
G0096,Arjun Brown,Female,Canada,Chicago,1990153355,arjun.brown96@example.com
G0097,Ahmed Sharma,Male,UK,Bengaluru,7374584386,ahmed.sharma97@example.com
G0098,Neha Singh,Female,Canada,Bengaluru,2549972386,neha.singh98@example.com
G0099,Rajesh Mehta,Female,UK,Chicago,9824122054,rajesh.mehta99@example.com
G0100,Vikram Gupta,Female,France,Mumbai,4748302739,vikram.gupta100@example.com
G0101,Pooja Hassan,Female,France,London,5515628633,pooja.hassan101@example.com
G0102,Neha Sharma,Female,Germany,Toronto,9908115095,neha.sharma102@example.com
G0103,Vikram Patel,Male,Canada,Mumbai,5268845844,vikram.patel103@example.com
G0104,Sara Verma,Male,UAE,Sydney,6928678489,sara.verma104@example.com
G0105,Sophia Verma,Female,Germany,Chicago,9848621776,sophia.verma105@example.com
G0106,John Gupta,Male,UAE,Chicago,3836517266,john.gupta106@example.com
G0107,Emily Patel,Male,USA,Varanasi,5306459450,emily.patel107@example.com
G0108,Pooja Brown,Female,India,Bengaluru,8986950095,pooja.brown108@example.com
G0109,Emily Brown,Male,UAE,Dubai,1610900200,emily.brown109@example.com
G0110,Anjali Brown,Male,Canada,Toronto,5829062179,anjali.brown110@example.com
G0111,Michael Brown,Female,France,Toronto,9935429720,michael.brown111@example.com
G0112,Sara Mehta,Male,Australia,Berlin,2075321966,sara.mehta112@example.com
G0113,Emily Gupta,Male,India,Chicago,3474961963,emily.gupta113@example.com
G0114,Pooja Wilson,Male,France,Chicago,7808938880,pooja.wilson114@example.com
G0115,Amit Hassan,Female,Australia,Dubai,6726515966,amit.hassan115@example.com
G0116,Anjali Johnson,Male,Germany,Toronto,9354542654,anjali.johnson116@example.com
G0117,Arjun Sharma,Male,Australia,Chicago,2388450337,arjun.sharma117@example.com
G0118,Rajesh Gupta,Female,France,Dubai,1232804774,rajesh.gupta118@example.com
G0119,Pooja Gupta,Female,France,Delhi,6169243284,pooja.gupta119@example.com
G0120,Sophia Hassan,Male,France,Mumbai,4433026356,sophia.hassan120@example.com
G0121,Sophia Wilson,Male,India,Sydney,2752306681,sophia.wilson121@example.com
G0122,Neha Hassan,Male,USA,Varanasi,8372755146,neha.hassan122@example.com
G0123,Sara Hassan,Female,France,Bengaluru,5916199809,sara.hassan123@example.com
G0124,Vikram Sharma,Male,Canada,Dubai,5305985001,vikram.sharma124@example.com
G0125,Pooja Patel,Female,France,Sydney,7375197714,pooja.patel125@example.com
G0126,Michael Hassan,Female,Australia,Bengaluru,2644847276,michael.hassan126@example.com
G0127,Priya Johnson,Female,France,Dubai,5212581851,priya.johnson127@example.com
G0128,Priya Patel,Female,Australia,Mumbai,2891100776,priya.patel128@example.com
G0129,Rajesh Mehta,Female,UK,Dubai,5165932723,rajesh.mehta129@example.com
G0130,Pooja Brown,Male,Australia,Berlin,8270110908,pooja.brown130@example.com
G0131,Ahmed Gupta,Male,Germany,London,3323646093,ahmed.gupta131@example.com
G0132,Emily Gupta,Male,Canada,Bengaluru,4207337120,emily.gupta132@example.com
G0133,Neha Gupta,Female,USA,Toronto,1124327519,neha.gupta133@example.com
G0134,Priya Brown,Female,Australia,London,2849785671,priya.brown134@example.com
G0135,Sara Verma,Male,UK,Varanasi,1751917162,sara.verma135@example.com
G0136,Emily Hassan,Female,UK,Bengaluru,6385791669,emily.hassan136@example.com
G0137,Rajesh Hassan,Female,Canada,Sydney,1678500147,rajesh.hassan137@example.com
G0138,Fatima Verma,Female,Canada,Dubai,8259841263,fatima.verma138@example.com
G0139,Sophia Singh,Female,Germany,Toronto,1458072318,sophia.singh139@example.com
G0140,Fatima Verma,Female,Canada,Chicago,6994940029,fatima.verma140@example.com
G0141,Priya Verma,Male,France,Chicago,8739238825,priya.verma141@example.com
G0142,John Verma,Male,Canada,Varanasi,3698305085,john.verma142@example.com
G0143,Sophia Hassan,Male,India,Berlin,1564409423,sophia.hassan143@example.com
G0144,Ahmed Mehta,Female,Germany,Varanasi,1862407093,ahmed.mehta144@example.com
G0145,David Patel,Female,Canada,Toronto,9033293776,david.patel145@example.com
G0146,Arjun Sharma,Male,UK,Bengaluru,9503787171,arjun.sharma146@example.com
G0147,Amit Garcia,Female,India,Chicago,3304560537,amit.garcia147@example.com
G0148,Fatima Gupta,Female,Canada,Berlin,2595467139,fatima.gupta148@example.com
G0149,Pooja Kumar,Male,Australia,Berlin,9861449701,pooja.kumar149@example.com
G0150,Sophia Gupta,Female,Germany,Mumbai,1600337712,sophia.gupta150@example.com
G0151,Sophia Hassan,Male,USA,Mumbai,3308745090,sophia.hassan151@example.com
G0152,Arjun Johnson,Female,Germany,Berlin,9381721143,arjun.johnson152@example.com
G0153,Fatima Singh,Male,France,Toronto,5082603360,fatima.singh153@example.com
G0154,Neha Gupta,Female,Australia,Sydney,8064477344,neha.gupta154@example.com
G0155,Michael Brown,Male,UAE,Mumbai,8834841054,michael.brown155@example.com
G0156,John Gupta,Male,India,Delhi,8674224347,john.gupta156@example.com
G0157,Vikram Verma,Male,UAE,Mumbai,3380304322,vikram.verma157@example.com
G0158,Emily Johnson,Male,UK,Berlin,5307145891,emily.johnson158@example.com
G0159,Vikram Wilson,Male,Canada,Varanasi,4721365350,vikram.wilson159@example.com
G0160,Rajesh Johnson,Male,UAE,Berlin,2390587865,rajesh.johnson160@example.com
G0161,David Kumar,Male,UK,Dubai,3259520140,david.kumar161@example.com
G0162,Pooja Hassan,Male,Australia,Sydney,3549776132,pooja.hassan162@example.com
G0163,Emily Verma,Female,India,Sydney,6590459705,emily.verma163@example.com
G0164,Priya Hassan,Male,Germany,Dubai,3946766309,priya.hassan164@example.com
G0165,Arjun Sharma,Female,USA,London,3612617557,arjun.sharma165@example.com
G0166,Vikram Brown,Male,Australia,Dubai,7573691558,vikram.brown166@example.com
G0167,Sara Sharma,Female,USA,Sydney,6218484323,sara.sharma167@example.com
G0168,Emily Garcia,Female,Australia,Toronto,7007500393,emily.garcia168@example.com
G0169,Ahmed Garcia,Male,Australia,Chicago,9259157845,ahmed.garcia169@example.com
G0170,Amit Sharma,Male,USA,Dubai,8468071953,amit.sharma170@example.com
G0171,Priya Verma,Male,Australia,Mumbai,7059376953,priya.verma171@example.com
G0172,Priya Brown,Female,Canada,London,3179320310,priya.brown172@example.com
G0173,Pooja Singh,Male,USA,London,2578662692,pooja.singh173@example.com
G0174,Emily Garcia,Female,India,Berlin,2148679234,emily.garcia174@example.com
G0175,David Mehta,Male,Canada,London,2507634128,david.mehta175@example.com
G0176,Vikram Verma,Male,Germany,Mumbai,1131671246,vikram.verma176@example.com
G0177,Michael Garcia,Male,France,London,5971034978,michael.garcia177@example.com
G0178,Ahmed Verma,Female,USA,Delhi,1668210614,ahmed.verma178@example.com
G0179,Amit Brown,Male,France,Dubai,7193532615,amit.brown179@example.com
G0180,John Wilson,Female,USA,London,2846465000,john.wilson180@example.com
G0181,Pooja Wilson,Female,Canada,Delhi,6242086783,pooja.wilson181@example.com
G0182,Rajesh Singh,Male,Canada,Bengaluru,4295741120,rajesh.singh182@example.com
G0183,Sophia Johnson,Female,USA,Delhi,2849649210,sophia.johnson183@example.com
G0184,Michael Wilson,Male,UAE,Sydney,2521136431,michael.wilson184@example.com
G0185,Priya Garcia,Female,India,Toronto,4956362540,priya.garcia185@example.com
G0186,Sara Verma,Female,Germany,Dubai,2243458354,sara.verma186@example.com
G0187,Rajesh Johnson,Female,UK,Berlin,2554145481,rajesh.johnson187@example.com
G0188,Neha Singh,Female,Germany,Berlin,5632753983,neha.singh188@example.com
G0189,Ahmed Singh,Female,Australia,Varanasi,9917981516,ahmed.singh189@example.com
G0190,John Johnson,Male,Australia,Varanasi,2014766981,john.johnson190@example.com
G0191,David Singh,Male,UK,Berlin,1323639855,david.singh191@example.com
G0192,Arjun Verma,Female,France,Berlin,2357806226,arjun.verma192@example.com
G0193,Amit Hassan,Female,France,Chicago,8715177240,amit.hassan193@example.com
G0194,Fatima Wilson,Male,USA,Chicago,7278136169,fatima.wilson194@example.com
G0195,Priya Johnson,Male,Canada,Mumbai,9977755129,priya.johnson195@example.com
G0196,Arjun Verma,Female,India,Toronto,6103449651,arjun.verma196@example.com
G0197,Vikram Kumar,Female,France,Mumbai,8891474909,vikram.kumar197@example.com
G0198,Anjali Kumar,Male,UAE,Toronto,9551219870,anjali.kumar198@example.com
G0199,Fatima Johnson,Male,Canada,Dubai,3567900251,fatima.johnson199@example.com
G0200,Amit Johnson,Female,USA,Sydney,8208584394,amit.johnson200@example.com
G0201,David Mehta,Female,UK,London,9939982945,david.mehta201@example.com
G0202,Fatima Brown,Male,Germany,Varanasi,5028688786,fatima.brown202@example.com
G0203,Michael Gupta,Female,Australia,Varanasi,3260842187,michael.gupta203@example.com
G0204,Fatima Kumar,Female,Australia,Chicago,6214917780,fatima.kumar204@example.com
G0205,John Singh,Female,UK,Varanasi,5626388820,john.singh205@example.com
G0206,Priya Gupta,Male,Australia,Berlin,2617999521,priya.gupta206@example.com
G0207,Anjali Mehta,Male,UK,Toronto,5482624860,anjali.mehta207@example.com
G0208,Emily Hassan,Female,Canada,Toronto,6322188162,emily.hassan208@example.com
G0209,John Johnson,Female,France,Toronto,8599680717,john.johnson209@example.com
G0210,Sara Patel,Female,UAE,Berlin,2073755632,sara.patel210@example.com
G0211,Fatima Wilson,Female,USA,Sydney,4655730355,fatima.wilson211@example.com
G0212,Amit Patel,Female,Canada,Toronto,2878930355,amit.patel212@example.com
G0213,Arjun Johnson,Male,India,Dubai,5523703900,arjun.johnson213@example.com
G0214,Emily Garcia,Female,USA,London,1964386641,emily.garcia214@example.com
G0215,Neha Mehta,Female,Australia,Varanasi,1590985753,neha.mehta215@example.com
G0216,Pooja Mehta,Female,UK,Toronto,1340272119,pooja.mehta216@example.com
G0217,John Patel,Female,Germany,Mumbai,8628603366,john.patel217@example.com
G0218,Sophia Sharma,Male,India,Bengaluru,2963288053,sophia.sharma218@example.com
G0219,Pooja Verma,Male,India,Sydney,3469810046,pooja.verma219@example.com
G0220,Sophia Garcia,Male,India,Berlin,2515333350,sophia.garcia220@example.com
G0221,Anjali Gupta,Female,USA,Sydney,9481076448,anjali.gupta221@example.com
G0222,Rajesh Garcia,Male,France,Delhi,8025152555,rajesh.garcia222@example.com
G0223,David Mehta,Female,India,London,4386667704,david.mehta223@example.com
G0224,Emily Mehta,Female,USA,Berlin,2428156550,emily.mehta224@example.com
G0225,Fatima Wilson,Male,Australia,Varanasi,8235656521,fatima.wilson225@example.com
G0226,Anjali Patel,Female,USA,Toronto,5453811475,anjali.patel226@example.com
G0227,Priya Singh,Male,India,London,9303765140,priya.singh227@example.com
G0228,Pooja Brown,Female,India,Bengaluru,6523804237,pooja.brown228@example.com
G0229,Ahmed Brown,Male,USA,London,9403012103,ahmed.brown229@example.com
G0230,Anjali Hassan,Female,France,London,7525240100,anjali.hassan230@example.com
G0231,Sara Sharma,Male,Germany,Berlin,6556684476,sara.sharma231@example.com
G0232,Amit Johnson,Male,Canada,Chicago,8377306021,amit.johnson232@example.com
G0233,Arjun Johnson,Male,France,Delhi,9210290540,arjun.johnson233@example.com
G0234,David Gupta,Female,India,Mumbai,7039626948,david.gupta234@example.com
G0235,Rajesh Patel,Male,France,Delhi,1542153826,rajesh.patel235@example.com
G0236,Fatima Johnson,Male,Germany,Berlin,9729028480,fatima.johnson236@example.com
G0237,Arjun Johnson,Male,Australia,Toronto,4277422858,arjun.johnson237@example.com
G0238,Fatima Garcia,Male,Australia,Chicago,1487258103,fatima.garcia238@example.com
G0239,Pooja Wilson,Male,Germany,Sydney,5800746936,pooja.wilson239@example.com
G0240,Arjun Singh,Female,Canada,Toronto,1859759428,arjun.singh240@example.com
G0241,Amit Hassan,Male,UK,Toronto,5283209430,amit.hassan241@example.com
G0242,Fatima Mehta,Female,USA,Sydney,7623575561,fatima.mehta242@example.com
G0243,Anjali Mehta,Female,UK,London,3185089287,anjali.mehta243@example.com
G0244,John Patel,Male,UAE,Toronto,5407856339,john.patel244@example.com
G0245,Arjun Wilson,Female,UK,Berlin,4797809576,arjun.wilson245@example.com
G0246,Sophia Garcia,Male,France,Sydney,3469178881,sophia.garcia246@example.com
G0247,Ahmed Gupta,Male,USA,Toronto,7517011632,ahmed.gupta247@example.com
G0248,Anjali Patel,Male,Germany,Sydney,5952163720,anjali.patel248@example.com
G0249,Anjali Johnson,Male,UAE,London,5633668009,anjali.johnson249@example.com
G0250,David Patel,Male,Canada,Berlin,3291270703,david.patel250@example.com
G0251,Vikram Patel,Male,Australia,Berlin,4709911999,vikram.patel251@example.com
G0252,Priya Gupta,Male,Canada,Bengaluru,3744446292,priya.gupta252@example.com
G0253,Sophia Gupta,Female,Canada,Toronto,7039121410,sophia.gupta253@example.com
G0254,Amit Mehta,Female,India,Varanasi,7183058541,amit.mehta254@example.com
G0255,Arjun Singh,Female,Australia,Berlin,5912019621,arjun.singh255@example.com
G0256,Fatima Garcia,Female,UK,London,5751023835,fatima.garcia256@example.com
G0257,Arjun Sharma,Male,Canada,Toronto,2064803502,arjun.sharma257@example.com
G0258,Priya Brown,Male,Germany,Berlin,2795875043,priya.brown258@example.com
G0259,Ahmed Verma,Male,Australia,Bengaluru,4277581356,ahmed.verma259@example.com
G0260,Arjun Hassan,Female,Canada,Toronto,1099541460,arjun.hassan260@example.com
G0261,Arjun Singh,Female,UAE,Berlin,2515672889,arjun.singh261@example.com
G0262,Sophia Hassan,Male,France,Chicago,3305069227,sophia.hassan262@example.com
G0263,Sara Patel,Male,Canada,London,8575707116,sara.patel263@example.com
G0264,Priya Garcia,Female,India,Berlin,3412985084,priya.garcia264@example.com
G0265,Sophia Sharma,Female,Germany,Sydney,7656585531,sophia.sharma265@example.com
G0266,Vikram Sharma,Male,Germany,London,9327720702,vikram.sharma266@example.com
G0267,John Verma,Male,Germany,Sydney,1172893522,john.verma267@example.com
G0268,Vikram Mehta,Male,Australia,Toronto,7525484303,vikram.mehta268@example.com
G0269,Vikram Johnson,Male,Australia,Varanasi,8913915028,vikram.johnson269@example.com
G0270,Pooja Mehta,Female,Canada,Toronto,4503614567,pooja.mehta270@example.com
G0271,Ahmed Gupta,Female,USA,Dubai,7801948900,ahmed.gupta271@example.com
G0272,Pooja Brown,Male,UAE,Delhi,7801180691,pooja.brown272@example.com
G0273,Michael Patel,Male,UAE,Delhi,4008714405,michael.patel273@example.com
G0274,Rajesh Hassan,Male,Australia,Dubai,5945359606,rajesh.hassan274@example.com
G0275,Sara Wilson,Male,France,Delhi,4031281545,sara.wilson275@example.com
G0276,Ahmed Gupta,Male,France,Sydney,6913417379,ahmed.gupta276@example.com
G0277,Arjun Wilson,Male,Australia,Sydney,8272725281,arjun.wilson277@example.com
G0278,John Singh,Female,Canada,Sydney,2282044148,john.singh278@example.com
G0279,Sophia Mehta,Female,UAE,Toronto,6656646925,sophia.mehta279@example.com
G0280,David Brown,Female,USA,Berlin,9504724761,david.brown280@example.com
G0281,Vikram Brown,Female,India,Chicago,5634396131,vikram.brown281@example.com
G0282,David Mehta,Female,France,Bengaluru,7608141858,david.mehta282@example.com
G0283,Vikram Sharma,Female,UAE,Bengaluru,9807970435,vikram.sharma283@example.com
G0284,Emily Kumar,Male,USA,Dubai,3028959334,emily.kumar284@example.com
G0285,Rajesh Wilson,Male,UK,Dubai,7338081696,rajesh.wilson285@example.com
G0286,Sophia Johnson,Male,Canada,Delhi,9974165440,sophia.johnson286@example.com
G0287,Priya Patel,Male,Germany,Varanasi,8886432673,priya.patel287@example.com
G0288,Anjali Mehta,Female,Canada,Delhi,5334769475,anjali.mehta288@example.com
G0289,Ahmed Brown,Male,France,Sydney,7546898241,ahmed.brown289@example.com
G0290,Arjun Brown,Male,UAE,Mumbai,2420277403,arjun.brown290@example.com
G0291,David Mehta,Female,UK,Delhi,8458717057,david.mehta291@example.com
G0292,John Patel,Female,Germany,Dubai,7508080884,john.patel292@example.com
G0293,Michael Gupta,Male,USA,Varanasi,5216305802,michael.gupta293@example.com
G0294,Ahmed Singh,Female,India,Chicago,2647439475,ahmed.singh294@example.com
G0295,David Johnson,Female,Canada,Berlin,5344083406,david.johnson295@example.com
G0296,Emily Kumar,Female,USA,Toronto,2317723211,emily.kumar296@example.com
G0297,Sophia Mehta,Female,USA,Chicago,1948540266,sophia.mehta297@example.com
G0298,Pooja Patel,Male,France,Berlin,6899673770,pooja.patel298@example.com
G0299,John Singh,Female,USA,Sydney,8317619798,john.singh299@example.com
G0300,Neha Kumar,Male,UAE,Berlin,3304937838,neha.kumar300@example.com
G0301,Ahmed Wilson,Male,France,Mumbai,3921845810,ahmed.wilson301@example.com
G0302,Amit Wilson,Female,France,Delhi,2947476917,amit.wilson302@example.com
G0303,Arjun Verma,Female,India,Sydney,8760642358,arjun.verma303@example.com
G0304,Michael Brown,Male,India,Bengaluru,3483827971,michael.brown304@example.com
G0305,Sara Johnson,Male,USA,Sydney,5269728610,sara.johnson305@example.com
G0306,Pooja Kumar,Male,Canada,Dubai,9434381915,pooja.kumar306@example.com
G0307,Michael Hassan,Female,Germany,Dubai,9934605686,michael.hassan307@example.com
G0308,Fatima Sharma,Male,UK,Sydney,5203589186,fatima.sharma308@example.com
G0309,Rajesh Brown,Male,France,Sydney,1986399651,rajesh.brown309@example.com
G0310,Fatima Patel,Female,Canada,Bengaluru,1484664056,fatima.patel310@example.com
G0311,Rajesh Singh,Female,UAE,Mumbai,5439176290,rajesh.singh311@example.com
G0312,Emily Mehta,Male,India,Dubai,2885330933,emily.mehta312@example.com
G0313,Priya Patel,Male,Canada,Bengaluru,2377246195,priya.patel313@example.com
G0314,Vikram Gupta,Female,UAE,Dubai,6585609060,vikram.gupta314@example.com
G0315,Anjali Gupta,Male,Germany,Sydney,3128675098,anjali.gupta315@example.com
G0316,Michael Wilson,Female,Australia,Dubai,2753459822,michael.wilson316@example.com
G0317,Michael Patel,Female,France,Bengaluru,4647891535,michael.patel317@example.com
G0318,Vikram Hassan,Female,India,Sydney,3276297510,vikram.hassan318@example.com
G0319,Emily Brown,Female,UAE,London,3777580509,emily.brown319@example.com
G0320,Fatima Sharma,Female,UAE,Delhi,6448001026,fatima.sharma320@example.com
G0321,Amit Singh,Male,UAE,Toronto,9190643621,amit.singh321@example.com
G0322,Rajesh Singh,Female,UAE,Mumbai,8534793156,rajesh.singh322@example.com
G0323,John Garcia,Male,UAE,Sydney,6510697299,john.garcia323@example.com
G0324,Fatima Brown,Female,Canada,London,7430757004,fatima.brown324@example.com
G0325,Pooja Johnson,Male,UAE,London,6638957137,pooja.johnson325@example.com
G0326,Emily Mehta,Male,UK,Delhi,7088451458,emily.mehta326@example.com
G0327,John Johnson,Male,UAE,Dubai,6350369667,john.johnson327@example.com
G0328,David Hassan,Female,France,Toronto,8709361138,david.hassan328@example.com
G0329,Vikram Mehta,Male,France,Varanasi,9842186844,vikram.mehta329@example.com
G0330,Amit Gupta,Male,India,Delhi,2771211118,amit.gupta330@example.com
G0331,Amit Mehta,Male,UK,Delhi,7253513875,amit.mehta331@example.com
G0332,Pooja Gupta,Male,France,Delhi,9618334441,pooja.gupta332@example.com
G0333,Rajesh Kumar,Female,Canada,Sydney,9493209128,rajesh.kumar333@example.com
G0334,Sara Patel,Male,USA,Mumbai,3252218154,sara.patel334@example.com
G0335,John Verma,Male,Canada,London,2704657157,john.verma335@example.com
G0336,Michael Hassan,Female,UAE,Bengaluru,9936181631,michael.hassan336@example.com
G0337,Amit Garcia,Male,Germany,Dubai,7668801906,amit.garcia337@example.com
G0338,Rajesh Mehta,Male,UK,Mumbai,8663837890,rajesh.mehta338@example.com
G0339,Priya Singh,Male,UAE,Berlin,7337225482,priya.singh339@example.com
G0340,Amit Gupta,Male,Canada,Sydney,1141312095,amit.gupta340@example.com
G0341,Rajesh Singh,Female,UK,Dubai,4989487508,rajesh.singh341@example.com
G0342,Anjali Verma,Female,UAE,Berlin,6719736115,anjali.verma342@example.com
G0343,Amit Wilson,Male,Australia,Delhi,5714524551,amit.wilson343@example.com
G0344,Amit Johnson,Male,Germany,London,9717175839,amit.johnson344@example.com
G0345,Arjun Hassan,Female,UAE,London,6907413963,arjun.hassan345@example.com
G0346,Michael Sharma,Male,Canada,Bengaluru,4062777850,michael.sharma346@example.com
G0347,David Patel,Male,Germany,Varanasi,8471762590,david.patel347@example.com
G0348,Fatima Sharma,Female,USA,Delhi,9344950649,fatima.sharma348@example.com
G0349,Fatima Brown,Female,USA,Varanasi,1374938761,fatima.brown349@example.com
G0350,Arjun Wilson,Female,Germany,Mumbai,1112794026,arjun.wilson350@example.com
G0351,Amit Verma,Female,Australia,Dubai,5347969846,amit.verma351@example.com
G0352,Michael Sharma,Female,UAE,Berlin,3238126936,michael.sharma352@example.com
G0353,Anjali Patel,Female,Canada,Chicago,6447765697,anjali.patel353@example.com
G0354,Amit Patel,Male,Germany,Chicago,7103588071,amit.patel354@example.com
G0355,Amit Johnson,Female,Canada,Bengaluru,3648572296,amit.johnson355@example.com
G0356,Neha Patel,Female,Canada,Delhi,9370133032,neha.patel356@example.com
G0357,Michael Johnson,Female,France,London,3552898167,michael.johnson357@example.com
G0358,Ahmed Verma,Female,UAE,Toronto,2349406919,ahmed.verma358@example.com
G0359,Ahmed Brown,Female,France,Berlin,4358554365,ahmed.brown359@example.com
G0360,Michael Brown,Female,Germany,London,3421719519,michael.brown360@example.com
G0361,Rajesh Mehta,Male,France,Bengaluru,3975704877,rajesh.mehta361@example.com
G0362,Pooja Patel,Female,Canada,Bengaluru,2619163247,pooja.patel362@example.com
G0363,Pooja Verma,Female,Germany,Sydney,8265834251,pooja.verma363@example.com
G0364,Fatima Mehta,Male,USA,Mumbai,4302632494,fatima.mehta364@example.com
G0365,Anjali Gupta,Female,India,Berlin,8527715219,anjali.gupta365@example.com
G0366,Neha Kumar,Female,USA,Chicago,6244291385,neha.kumar366@example.com
G0367,Michael Hassan,Female,UK,London,5285100605,michael.hassan367@example.com
G0368,Neha Brown,Female,Germany,Mumbai,5903457537,neha.brown368@example.com
G0369,Ahmed Hassan,Female,UAE,Sydney,7369118672,ahmed.hassan369@example.com
G0370,Neha Hassan,Female,France,London,5583478908,neha.hassan370@example.com
G0371,Neha Kumar,Male,Australia,Mumbai,5982744929,neha.kumar371@example.com
G0372,Arjun Singh,Female,Germany,Varanasi,8118083267,arjun.singh372@example.com
G0373,Rajesh Mehta,Female,UAE,Toronto,7838460497,rajesh.mehta373@example.com
G0374,Rajesh Mehta,Female,UAE,Bengaluru,4418828570,rajesh.mehta374@example.com
G0375,Anjali Johnson,Male,Australia,Bengaluru,2965164102,anjali.johnson375@example.com
G0376,Pooja Wilson,Female,Australia,Berlin,5785590330,pooja.wilson376@example.com
G0377,Arjun Verma,Female,UK,Chicago,3534753843,arjun.verma377@example.com
G0378,Ahmed Sharma,Male,UAE,Chicago,1502291736,ahmed.sharma378@example.com
G0379,Vikram Wilson,Female,Germany,Dubai,3561629386,vikram.wilson379@example.com
G0380,Sara Patel,Female,France,Sydney,5294535887,sara.patel380@example.com
G0381,Pooja Brown,Male,UK,Varanasi,5336127859,pooja.brown381@example.com
G0382,John Garcia,Male,France,Dubai,8235717104,john.garcia382@example.com
G0383,Arjun Hassan,Female,UK,Mumbai,3428365056,arjun.hassan383@example.com
G0384,Sophia Kumar,Male,Canada,Bengaluru,7603978731,sophia.kumar384@example.com
G0385,Arjun Verma,Male,France,Sydney,3193894984,arjun.verma385@example.com
G0386,David Wilson,Male,Australia,Sydney,8382963909,david.wilson386@example.com
G0387,Sara Sharma,Male,UAE,Chicago,5433395802,sara.sharma387@example.com
G0388,Fatima Sharma,Female,France,Mumbai,2017675569,fatima.sharma388@example.com
G0389,Sara Patel,Female,UK,Bengaluru,4494084172,sara.patel389@example.com
G0390,Fatima Wilson,Male,Canada,Berlin,3313993297,fatima.wilson390@example.com
G0391,Sophia Brown,Female,Canada,Sydney,1408988968,sophia.brown391@example.com
G0392,Priya Brown,Female,UK,Varanasi,2072355594,priya.brown392@example.com
G0393,Emily Gupta,Female,Germany,Toronto,8011113122,emily.gupta393@example.com
G0394,Michael Hassan,Female,USA,Mumbai,8515344013,michael.hassan394@example.com
G0395,Arjun Hassan,Female,Australia,Berlin,4147025728,arjun.hassan395@example.com
G0396,Fatima Sharma,Female,Germany,Bengaluru,9453047901,fatima.sharma396@example.com
G0397,Pooja Brown,Male,Australia,Chicago,3482206102,pooja.brown397@example.com
G0398,Ahmed Gupta,Female,India,Delhi,2973888646,ahmed.gupta398@example.com
G0399,Anjali Hassan,Male,France,Delhi,2837384013,anjali.hassan399@example.com
G0400,Sophia Patel,Male,Canada,Mumbai,8106401208,sophia.patel400@example.com
G0401,Amit Johnson,Female,UK,Delhi,6300607425,amit.johnson401@example.com
G0402,Neha Kumar,Male,UAE,Toronto,1334744286,neha.kumar402@example.com
G0403,Arjun Kumar,Male,India,London,4509456565,arjun.kumar403@example.com
G0404,Vikram Hassan,Female,USA,Bengaluru,2645272822,vikram.hassan404@example.com
G0405,Neha Johnson,Male,Australia,Chicago,5883933127,neha.johnson405@example.com
G0406,Vikram Sharma,Male,India,Berlin,3791815554,vikram.sharma406@example.com
G0407,Fatima Mehta,Female,UAE,Varanasi,9245882468,fatima.mehta407@example.com
G0408,John Sharma,Female,USA,Varanasi,4231729466,john.sharma408@example.com
G0409,Fatima Garcia,Female,Australia,Varanasi,6359201693,fatima.garcia409@example.com
G0410,Emily Wilson,Male,Canada,Delhi,2295574037,emily.wilson410@example.com
G0411,Michael Brown,Male,India,Bengaluru,7420493866,michael.brown411@example.com
G0412,Emily Hassan,Male,USA,Sydney,2359239702,emily.hassan412@example.com
G0413,Sara Johnson,Female,UK,Toronto,4308701294,sara.johnson413@example.com
G0414,Amit Kumar,Male,Canada,Bengaluru,8684942020,amit.kumar414@example.com
G0415,Sara Garcia,Female,Germany,Mumbai,5950724801,sara.garcia415@example.com
G0416,Sophia Sharma,Male,UAE,Varanasi,7598745558,sophia.sharma416@example.com
G0417,Amit Brown,Female,Germany,Bengaluru,1248704157,amit.brown417@example.com
G0418,Sara Sharma,Male,France,Berlin,3614915281,sara.sharma418@example.com
G0419,Anjali Sharma,Female,India,Varanasi,4012917912,anjali.sharma419@example.com
G0420,Pooja Johnson,Male,Canada,Varanasi,2597167064,pooja.johnson420@example.com
G0421,Neha Kumar,Female,Australia,Dubai,5569295400,neha.kumar421@example.com
G0422,Pooja Hassan,Male,Australia,Delhi,3434757387,pooja.hassan422@example.com
G0423,Anjali Brown,Female,USA,Berlin,1495354059,anjali.brown423@example.com
G0424,Priya Kumar,Male,UAE,Delhi,7321180787,priya.kumar424@example.com
G0425,Vikram Patel,Female,India,Sydney,8111191488,vikram.patel425@example.com
G0426,Ahmed Singh,Male,Germany,London,9924456994,ahmed.singh426@example.com
G0427,Neha Wilson,Female,India,Varanasi,2721959126,neha.wilson427@example.com
G0428,Sophia Brown,Female,Australia,Mumbai,7670476743,sophia.brown428@example.com
G0429,Fatima Singh,Male,Canada,Berlin,8664400151,fatima.singh429@example.com
G0430,Arjun Johnson,Male,France,Bengaluru,4418680334,arjun.johnson430@example.com
G0431,Rajesh Garcia,Male,India,Bengaluru,7620886217,rajesh.garcia431@example.com
G0432,Ahmed Kumar,Male,Germany,Chicago,1446457642,ahmed.kumar432@example.com
G0433,Sara Hassan,Male,India,Varanasi,8351491401,sara.hassan433@example.com
G0434,Priya Singh,Male,Germany,London,4212203479,priya.singh434@example.com
G0435,Vikram Gupta,Male,Germany,Mumbai,5562470175,vikram.gupta435@example.com
G0436,Emily Brown,Male,Canada,London,6696207128,emily.brown436@example.com
G0437,David Singh,Female,USA,Bengaluru,1468034755,david.singh437@example.com
G0438,Anjali Hassan,Male,France,London,2745958114,anjali.hassan438@example.com
G0439,John Hassan,Female,Canada,Toronto,1515024824,john.hassan439@example.com
G0440,Sophia Mehta,Male,India,Bengaluru,2407863065,sophia.mehta440@example.com
G0441,Emily Johnson,Male,Germany,Sydney,9800175892,emily.johnson441@example.com
G0442,David Patel,Female,India,Dubai,8965451958,david.patel442@example.com
G0443,Neha Hassan,Male,USA,Varanasi,1521637779,neha.hassan443@example.com
G0444,Emily Patel,Male,UAE,Dubai,3768901084,emily.patel444@example.com
G0445,Amit Kumar,Female,USA,Bengaluru,1553155490,amit.kumar445@example.com
G0446,Neha Kumar,Female,France,Delhi,7759781156,neha.kumar446@example.com
G0447,Pooja Kumar,Female,Germany,Dubai,6037168610,pooja.kumar447@example.com
G0448,Anjali Brown,Male,Canada,Toronto,4794276323,anjali.brown448@example.com
G0449,Emily Gupta,Male,Canada,Toronto,7660157097,emily.gupta449@example.com
G0450,Amit Brown,Male,Germany,Varanasi,2800599868,amit.brown450@example.com
G0451,Rajesh Garcia,Male,Australia,Toronto,7376649850,rajesh.garcia451@example.com
G0452,Michael Brown,Female,UK,Delhi,1940684569,michael.brown452@example.com
G0453,Priya Hassan,Female,Australia,Berlin,5293274004,priya.hassan453@example.com
G0454,Neha Singh,Male,UAE,Chicago,4165649201,neha.singh454@example.com
G0455,Michael Johnson,Male,UK,Varanasi,3540741595,michael.johnson455@example.com
G0456,Vikram Verma,Female,UAE,Toronto,7623374739,vikram.verma456@example.com
G0457,Pooja Kumar,Male,USA,Delhi,1939777262,pooja.kumar457@example.com
G0458,Rajesh Johnson,Female,UAE,Varanasi,9023931339,rajesh.johnson458@example.com
G0459,Rajesh Patel,Male,UK,Mumbai,8991514523,rajesh.patel459@example.com
G0460,Fatima Mehta,Male,Germany,Berlin,5728897164,fatima.mehta460@example.com
G0461,Ahmed Patel,Female,UK,Dubai,9420979586,ahmed.patel461@example.com
G0462,Anjali Mehta,Female,Australia,Bengaluru,4498054328,anjali.mehta462@example.com
G0463,Sophia Mehta,Female,Canada,Varanasi,7755273988,sophia.mehta463@example.com
G0464,Anjali Verma,Male,Australia,Berlin,3429019820,anjali.verma464@example.com
G0465,Vikram Johnson,Female,USA,Bengaluru,2372322277,vikram.johnson465@example.com
G0466,Ahmed Hassan,Male,India,Chicago,1900587144,ahmed.hassan466@example.com
G0467,Fatima Brown,Male,USA,Delhi,5501759051,fatima.brown467@example.com
G0468,Sara Patel,Female,Germany,Toronto,9082143437,sara.patel468@example.com
G0469,Michael Sharma,Female,France,Berlin,3951331472,michael.sharma469@example.com
G0470,Arjun Sharma,Male,India,Chicago,5381201661,arjun.sharma470@example.com
G0471,Neha Sharma,Female,Australia,Varanasi,9108603060,neha.sharma471@example.com
G0472,Amit Wilson,Male,USA,London,5428082088,amit.wilson472@example.com
G0473,Sara Patel,Male,India,Mumbai,2422040412,sara.patel473@example.com
G0474,Sara Mehta,Male,Canada,Chicago,2277326067,sara.mehta474@example.com
G0475,Priya Garcia,Male,France,Varanasi,5529063864,priya.garcia475@example.com
G0476,Sara Sharma,Male,Canada,Berlin,3062994753,sara.sharma476@example.com
G0477,Rajesh Singh,Male,UK,Chicago,5196430851,rajesh.singh477@example.com
G0478,Neha Brown,Female,Germany,Toronto,8134112721,neha.brown478@example.com
G0479,Michael Patel,Male,Australia,Dubai,2586568081,michael.patel479@example.com
G0480,Priya Brown,Female,France,Toronto,2131297865,priya.brown480@example.com
G0481,Priya Patel,Female,USA,Mumbai,8164611781,priya.patel481@example.com
G0482,Emily Wilson,Female,India,Dubai,4786674545,emily.wilson482@example.com
G0483,Sophia Sharma,Female,Germany,Delhi,3664052763,sophia.sharma483@example.com
G0484,Arjun Patel,Male,UK,Bengaluru,4472312361,arjun.patel484@example.com
G0485,Priya Garcia,Male,USA,Dubai,7850677534,priya.garcia485@example.com
G0486,Amit Sharma,Female,Germany,Sydney,4751509023,amit.sharma486@example.com
G0487,Neha Garcia,Female,UK,Varanasi,4348118981,neha.garcia487@example.com
G0488,Fatima Garcia,Female,Canada,Dubai,8107258941,fatima.garcia488@example.com
G0489,Priya Patel,Female,Canada,Dubai,8274219704,priya.patel489@example.com
G0490,Michael Johnson,Male,UAE,Delhi,8497938394,michael.johnson490@example.com
G0491,Fatima Kumar,Female,Australia,Chicago,6630484376,fatima.kumar491@example.com
G0492,Neha Singh,Female,UK,Chicago,8841851495,neha.singh492@example.com
G0493,Sara Verma,Female,USA,Bengaluru,2897158366,sara.verma493@example.com
G0494,Pooja Wilson,Female,Australia,Delhi,1682781467,pooja.wilson494@example.com
G0495,Michael Patel,Female,India,Varanasi,4577406847,michael.patel495@example.com
G0496,Emily Kumar,Male,France,Delhi,9237880732,emily.kumar496@example.com
G0497,David Johnson,Male,France,Sydney,4964570811,david.johnson497@example.com
G0498,Emily Johnson,Male,France,Berlin,2915999663,emily.johnson498@example.com
G0499,Fatima Johnson,Female,UK,Chicago,3958590550,fatima.johnson499@example.com
G0500,Rajesh Garcia,Female,India,Varanasi,6182870116,rajesh.garcia500@example.com
