ReservationID,GuestID,RoomNo,CheckIn,CheckOut,Nights
R0001,G0001,101,2026-04-28,2026-05-02,4
R0002,G0002,108,2026-05-21,2026-05-29,8
R0003,G0003,207,2026-05-30,2026-06-03,4
R0004,G0004,204,2026-05-04,2026-05-07,3
R0005,G0005,101,2026-05-11,2026-05-13,2
R0006,G0006,108,2026-06-02,2026-06-09,7
R0007,G0007,101,2026-05-06,2026-05-26,20
R0008,G0008,208,2026-05-03,2026-05-10,7
R0009,G0009,114,2026-04-27,2026-05-15,18
R0010,G0010,204,2026-05-24,2026-06-08,15
R0011,G0011,210,2026-05-21,2026-05-22,1
R0012,G0012,111,2026-05-28,2026-06-11,14
R0013,G0013,107,2026-05-21,2026-05-26,5
R0014,G0014,103,2026-05-17,2026-05-21,4
R0015,G0015,112,2026-05-14,2026-05-18,4
R0016,G0016,109,2026-05-16,2026-06-05,20
R0017,G0017,203,2026-06-05,2026-06-20,15
R0018,G0018,103,2026-05-31,2026-06-13,13
R0019,G0019,302,2026-05-03,2026-05-13,10
R0020,G0020,304,2026-04-28,2026-05-18,20
R0021,G0021,107,2026-05-15,2026-06-03,19
R0022,G0022,102,2026-04-23,2026-04-26,3
R0023,G0023,210,2026-04-26,2026-05-04,8
R0024,G0024,303,2026-05-20,2026-05-23,3
R0025,G0025,113,2026-05-24,2026-05-28,4
R0026,G0026,206,2026-05-21,2026-06-05,15
R0027,G0027,112,2026-05-15,2026-05-21,6
R0028,G0028,207,2026-05-16,2026-05-23,7
R0029,G0029,205,2026-05-21,2026-05-24,3
R0030,G0030,203,2026-04-28,2026-05-04,6
R0031,G0031,115,2026-05-23,2026-05-29,6
R0032,G0032,305,2026-05-14,2026-05-23,9
R0033,G0033,108,2026-04-28,2026-05-16,18
R0034,G0034,302,2026-04-25,2026-05-06,11
R0035,G0035,302,2026-06-04,2026-06-12,8
R0036,G0036,113,2026-06-05,2026-06-16,11
R0037,G0037,107,2026-05-21,2026-05-24,3
R0038,G0038,107,2026-05-02,2026-05-13,11
R0039,G0039,113,2026-04-27,2026-05-13,16
R0040,G0040,105,2026-04-27,2026-05-12,15
R0041,G0041,108,2026-05-22,2026-05-27,5
R0042,G0042,109,2026-05-03,2026-05-21,18
R0043,G0043,304,2026-05-01,2026-05-15,14
R0044,G0044,112,2026-05-01,2026-05-14,13
R0045,G0045,202,2026-05-24,2026-05-29,5
R0046,G0046,210,2026-05-07,2026-05-10,3
R0047,G0047,105,2026-06-04,2026-06-08,4
R0048,G0048,301,2026-04-28,2026-05-04,6
R0049,G0049,205,2026-04-25,2026-05-09,14
R0050,G0050,113,2026-06-03,2026-06-16,13
R0051,G0051,202,2026-04-30,2026-05-15,15
R0052,G0052,303,2026-05-22,2026-06-09,18
R0053,G0053,207,2026-06-07,2026-06-11,4
R0054,G0054,210,2026-05-04,2026-05-13,9
R0055,G0055,104,2026-04-27,2026-05-08,11
R0056,G0056,106,2026-05-20,2026-06-03,14
R0057,G0057,209,2026-05-09,2026-05-10,1
R0058,G0058,210,2026-05-22,2026-06-08,17
R0059,G0059,305,2026-05-27,2026-06-13,17
R0060,G0060,302,2026-06-01,2026-06-11,10
R0061,G0061,205,2026-04-28,2026-05-15,17
R0062,G0062,112,2026-05-26,2026-05-31,5
R0063,G0063,210,2026-05-28,2026-06-15,18
R0064,G0064,205,2026-05-05,2026-05-06,1
R0065,G0065,101,2026-05-18,2026-06-03,16
R0066,G0066,304,2026-05-31,2026-06-12,12
R0067,G0067,102,2026-05-19,2026-05-27,8
R0068,G0068,103,2026-05-23,2026-06-11,19
R0069,G0069,302,2026-06-02,2026-06-18,16
R0070,G0070,210,2026-06-03,2026-06-21,18
R0071,G0071,207,2026-05-30,2026-06-04,5
R0072,G0072,106,2026-05-08,2026-05-26,18
R0073,G0073,303,2026-05-22,2026-06-08,17
R0074,G0074,107,2026-04-30,2026-05-14,14
R0075,G0075,208,2026-05-04,2026-05-11,7
R0076,G0076,207,2026-05-19,2026-06-01,13
R0077,G0077,115,2026-04-27,2026-05-09,12
R0078,G0078,104,2026-05-05,2026-05-20,15
R0079,G0079,103,2026-05-23,2026-05-31,8
R0080,G0080,204,2026-05-17,2026-05-18,1
R0081,G0081,204,2026-05-03,2026-05-11,8
R0082,G0082,103,2026-05-24,2026-05-25,1
R0083,G0083,108,2026-04-23,2026-04-25,2
R0084,G0084,303,2026-06-03,2026-06-05,2
R0085,G0085,202,2026-05-17,2026-05-20,3
R0086,G0086,207,2026-05-23,2026-06-01,9
R0087,G0087,203,2026-05-07,2026-05-14,7
R0088,G0088,204,2026-05-30,2026-06-18,19
R0089,G0089,301,2026-05-08,2026-05-16,8
R0090,G0090,107,2026-05-08,2026-05-22,14
R0091,G0091,207,2026-06-01,2026-06-05,4
R0092,G0092,114,2026-05-11,2026-05-23,12
R0093,G0093,303,2026-05-12,2026-05-27,15
R0094,G0094,102,2026-06-04,2026-06-08,4
R0095,G0095,301,2026-05-13,2026-05-24,11
R0096,G0096,107,2026-06-01,2026-06-09,8
R0097,G0097,115,2026-05-26,2026-06-13,18
R0098,G0098,106,2026-05-30,2026-06-13,14
R0099,G0099,108,2026-05-21,2026-06-05,15
R0100,G0100,301,2026-06-03,2026-06-18,15
R0101,G0101,102,2026-05-03,2026-05-07,4
R0102,G0102,302,2026-04-27,2026-05-15,18
R0103,G0103,305,2026-06-07,2026-06-10,3
R0104,G0104,114,2026-05-23,2026-05-29,6
R0105,G0105,107,2026-05-07,2026-05-23,16
R0106,G0106,106,2026-05-13,2026-05-15,2
R0107,G0107,113,2026-05-14,2026-05-15,1
R0108,G0108,110,2026-05-22,2026-06-06,15
R0109,G0109,207,2026-05-11,2026-05-29,18
R0110,G0110,105,2026-04-23,2026-05-09,16
R0111,G0111,107,2026-05-26,2026-06-05,10
R0112,G0112,209,2026-06-04,2026-06-23,19
R0113,G0113,209,2026-05-04,2026-05-06,2
R0114,G0114,102,2026-05-18,2026-05-20,2
R0115,G0115,202,2026-05-01,2026-05-17,16
R0116,G0116,102,2026-05-05,2026-05-11,6
R0117,G0117,303,2026-05-06,2026-05-09,3
R0118,G0118,205,2026-05-27,2026-05-30,3
R0119,G0119,113,2026-06-03,2026-06-11,8
R0120,G0120,108,2026-05-31,2026-06-19,19
R0121,G0121,102,2026-05-01,2026-05-21,20
R0122,G0122,114,2026-04-29,2026-05-02,3
R0123,G0123,204,2026-04-26,2026-05-15,19
R0124,G0124,305,2026-05-05,2026-05-16,11
R0125,G0125,207,2026-05-22,2026-05-29,7
R0126,G0126,108,2026-04-23,2026-05-04,11
R0127,G0127,105,2026-05-22,2026-06-04,13
R0128,G0128,115,2026-04-26,2026-05-06,10
R0129,G0129,101,2026-05-18,2026-05-21,3
R0130,G0130,204,2026-05-09,2026-05-29,20
R0131,G0131,203,2026-06-01,2026-06-04,3
R0132,G0132,109,2026-05-25,2026-06-11,17
R0133,G0133,304,2026-05-30,2026-06-11,12
R0134,G0134,112,2026-06-03,2026-06-11,8
R0135,G0135,115,2026-05-20,2026-05-26,6
R0136,G0136,205,2026-05-04,2026-05-14,10
R0137,G0137,101,2026-04-27,2026-05-14,17
R0138,G0138,110,2026-04-26,2026-05-14,18
R0139,G0139,304,2026-04-26,2026-04-30,4
R0140,G0140,104,2026-05-30,2026-06-08,9
R0141,G0141,105,2026-06-01,2026-06-19,18
R0142,G0142,205,2026-05-21,2026-05-31,10
R0143,G0143,107,2026-05-25,2026-06-05,11
R0144,G0144,202,2026-04-25,2026-05-04,9
R0145,G0145,304,2026-05-07,2026-05-16,9
R0146,G0146,206,2026-06-04,2026-06-07,3
R0147,G0147,102,2026-05-11,2026-05-20,9
R0148,G0148,210,2026-06-07,2026-06-18,11
R0149,G0149,106,2026-05-30,2026-06-08,9
R0150,G0150,208,2026-05-10,2026-05-28,18
R0151,G0151,101,2026-05-11,2026-05-29,18
R0152,G0152,304,2026-05-31,2026-06-03,3
R0153,G0153,203,2026-04-24,2026-04-29,5
R0154,G0154,204,2026-06-05,2026-06-17,12
R0155,G0155,114,2026-05-03,2026-05-08,5
R0156,G0156,110,2026-05-30,2026-06-01,2
R0157,G0157,304,2026-05-15,2026-05-17,2
R0158,G0158,207,2026-05-16,2026-05-23,7
R0159,G0159,112,2026-05-23,2026-05-27,4
R0160,G0160,205,2026-05-03,2026-05-17,14
R0161,G0161,303,2026-05-29,2026-06-06,8
R0162,G0162,304,2026-05-28,2026-06-03,6
R0163,G0163,106,2026-05-12,2026-05-13,1
R0164,G0164,301,2026-05-17,2026-05-31,14
R0165,G0165,109,2026-04-26,2026-05-04,8
R0166,G0166,113,2026-05-28,2026-06-01,4
R0167,G0167,108,2026-06-05,2026-06-21,16
R0168,G0168,112,2026-05-26,2026-06-10,15
R0169,G0169,108,2026-05-19,2026-05-27,8
R0170,G0170,113,2026-06-06,2026-06-13,7
R0171,G0171,303,2026-05-17,2026-05-26,9
R0172,G0172,112,2026-06-03,2026-06-12,9
R0173,G0173,113,2026-04-27,2026-05-14,17
R0174,G0174,111,2026-04-25,2026-05-13,18
R0175,G0175,304,2026-06-06,2026-06-10,4
R0176,G0176,204,2026-05-22,2026-05-28,6
R0177,G0177,104,2026-05-22,2026-05-24,2
R0178,G0178,112,2026-04-30,2026-05-14,14
R0179,G0179,205,2026-05-18,2026-06-01,14
R0180,G0180,113,2026-05-06,2026-05-10,4
R0181,G0181,109,2026-05-02,2026-05-09,7
R0182,G0182,101,2026-06-05,2026-06-19,14
R0183,G0183,207,2026-05-05,2026-05-23,18
R0184,G0184,112,2026-04-26,2026-05-03,7
R0185,G0185,207,2026-05-11,2026-05-14,3
R0186,G0186,111,2026-05-17,2026-06-06,20
R0187,G0187,209,2026-04-26,2026-04-30,4
R0188,G0188,110,2026-05-19,2026-06-05,17
R0189,G0189,111,2026-04-26,2026-05-10,14
R0190,G0190,203,2026-05-13,2026-05-23,10
R0191,G0191,114,2026-05-30,2026-06-06,7
R0192,G0192,207,2026-04-26,2026-05-09,13
R0193,G0193,204,2026-05-27,2026-06-16,20
R0194,G0194,203,2026-05-19,2026-06-01,13
R0195,G0195,110,2026-06-07,2026-06-17,10
R0196,G0196,301,2026-05-25,2026-06-08,14
R0197,G0197,206,2026-05-01,2026-05-21,20
R0198,G0198,115,2026-05-18,2026-06-02,15
R0199,G0199,202,2026-05-10,2026-05-17,7
R0200,G0200,207,2026-05-08,2026-05-14,6
R0201,G0201,202,2026-06-02,2026-06-12,10
R0202,G0202,111,2026-04-26,2026-05-16,20
R0203,G0203,207,2026-06-02,2026-06-10,8
R0204,G0204,301,2026-05-19,2026-05-27,8
R0205,G0205,101,2026-05-26,2026-05-31,5
R0206,G0206,201,2026-06-05,2026-06-13,8
R0207,G0207,115,2026-04-29,2026-05-02,3
R0208,G0208,107,2026-05-12,2026-05-31,19
R0209,G0209,201,2026-04-23,2026-05-06,13
R0210,G0210,105,2026-05-13,2026-05-21,8
R0211,G0211,304,2026-04-27,2026-04-28,1
R0212,G0212,108,2026-06-01,2026-06-15,14
R0213,G0213,115,2026-05-27,2026-06-13,17
R0214,G0214,108,2026-06-04,2026-06-22,18
R0215,G0215,105,2026-05-31,2026-06-15,15
R0216,G0216,203,2026-05-09,2026-05-26,17
R0217,G0217,210,2026-04-30,2026-05-11,11
R0218,G0218,302,2026-05-10,2026-05-30,20
R0219,G0219,302,2026-05-06,2026-05-20,14
R0220,G0220,304,2026-05-03,2026-05-18,15
R0221,G0221,115,2026-05-28,2026-06-13,16
R0222,G0222,302,2026-05-22,2026-05-30,8
R0223,G0223,210,2026-04-28,2026-05-07,9
R0224,G0224,206,2026-05-05,2026-05-21,16
R0225,G0225,115,2026-05-23,2026-06-01,9
R0226,G0226,108,2026-06-03,2026-06-13,10
R0227,G0227,111,2026-05-21,2026-06-01,11
R0228,G0228,105,2026-05-04,2026-05-07,3
R0229,G0229,113,2026-05-29,2026-06-06,8
R0230,G0230,208,2026-04-24,2026-04-29,5
R0231,G0231,114,2026-05-25,2026-05-28,3
R0232,G0232,203,2026-05-12,2026-05-23,11
R0233,G0233,102,2026-05-09,2026-05-23,14
R0234,G0234,113,2026-05-25,2026-06-08,14
R0235,G0235,303,2026-05-01,2026-05-02,1
R0236,G0236,201,2026-05-02,2026-05-15,13
R0237,G0237,110,2026-06-07,2026-06-19,12
R0238,G0238,203,2026-05-14,2026-05-28,14
R0239,G0239,304,2026-05-04,2026-05-24,20
R0240,G0240,108,2026-05-24,2026-06-09,16
R0241,G0241,201,2026-05-21,2026-06-04,14
R0242,G0242,111,2026-06-06,2026-06-19,13
R0243,G0243,209,2026-04-26,2026-05-09,13
R0244,G0244,305,2026-05-28,2026-06-12,15
R0245,G0245,203,2026-05-30,2026-06-19,20
R0246,G0246,204,2026-06-06,2026-06-19,13
R0247,G0247,103,2026-05-02,2026-05-03,1
R0248,G0248,105,2026-04-27,2026-05-11,14
R0249,G0249,102,2026-05-09,2026-05-15,6
R0250,G0250,111,2026-05-22,2026-06-04,13
R0251,G0251,111,2026-05-25,2026-06-09,15
R0252,G0252,109,2026-05-17,2026-05-30,13
R0253,G0253,302,2026-05-12,2026-05-21,9
R0254,G0254,101,2026-06-02,2026-06-18,16
R0255,G0255,112,2026-05-04,2026-05-06,2
R0256,G0256,210,2026-05-24,2026-05-27,3
R0257,G0257,210,2026-04-27,2026-04-29,2
R0258,G0258,107,2026-06-06,2026-06-14,8
R0259,G0259,105,2026-06-06,2026-06-26,20
R0260,G0260,201,2026-05-23,2026-05-28,5
R0261,G0261,204,2026-04-26,2026-04-30,4
R0262,G0262,208,2026-05-25,2026-06-09,15
R0263,G0263,106,2026-05-22,2026-06-03,12
R0264,G0264,209,2026-04-30,2026-05-20,20
R0265,G0265,210,2026-04-23,2026-04-27,4
R0266,G0266,104,2026-05-28,2026-06-07,10
R0267,G0267,305,2026-05-01,2026-05-02,1
R0268,G0268,207,2026-05-19,2026-06-07,19
R0269,G0269,208,2026-05-14,2026-05-27,13
R0270,G0270,204,2026-05-26,2026-05-29,3
R0271,G0271,104,2026-04-24,2026-05-02,8
R0272,G0272,303,2026-04-24,2026-05-04,10
R0273,G0273,301,2026-04-25,2026-05-15,20
R0274,G0274,301,2026-05-31,2026-06-19,19
R0275,G0275,203,2026-06-05,2026-06-17,12
R0276,G0276,103,2026-05-11,2026-05-23,12
R0277,G0277,101,2026-05-06,2026-05-17,11
R0278,G0278,104,2026-05-12,2026-05-28,16
R0279,G0279,206,2026-05-11,2026-05-23,12
R0280,G0280,114,2026-05-09,2026-05-14,5
R0281,G0281,206,2026-05-27,2026-06-13,17
R0282,G0282,301,2026-05-21,2026-06-10,20
R0283,G0283,115,2026-05-04,2026-05-20,16
R0284,G0284,109,2026-05-11,2026-05-30,19
R0285,G0285,302,2026-05-18,2026-05-26,8
R0286,G0286,304,2026-06-02,2026-06-11,9
R0287,G0287,210,2026-05-10,2026-05-18,8
R0288,G0288,205,2026-05-09,2026-05-28,19
R0289,G0289,111,2026-04-26,2026-05-09,13
R0290,G0290,303,2026-06-06,2026-06-22,16
R0291,G0291,201,2026-05-18,2026-05-24,6
R0292,G0292,301,2026-05-25,2026-06-06,12
R0293,G0293,109,2026-05-22,2026-06-02,11
R0294,G0294,203,2026-04-30,2026-05-09,9
R0295,G0295,107,2026-06-07,2026-06-24,17
R0296,G0296,209,2026-06-02,2026-06-10,8
R0297,G0297,203,2026-05-12,2026-05-28,16
R0298,G0298,206,2026-05-23,2026-06-08,16
R0299,G0299,115,2026-04-23,2026-05-09,16
R0300,G0300,110,2026-06-06,2026-06-09,3
R0301,G0301,208,2026-05-24,2026-06-06,13
R0302,G0302,207,2026-05-23,2026-06-02,10
R0303,G0303,201,2026-05-01,2026-05-13,12
R0304,G0304,112,2026-05-03,2026-05-20,17
R0305,G0305,111,2026-05-11,2026-05-29,18
R0306,G0306,109,2026-05-16,2026-05-31,15
R0307,G0307,108,2026-05-19,2026-05-28,9
R0308,G0308,111,2026-05-31,2026-06-07,7
R0309,G0309,210,2026-05-31,2026-06-18,18
R0310,G0310,107,2026-04-24,2026-04-30,6
R0311,G0311,109,2026-05-25,2026-06-10,16
R0312,G0312,205,2026-05-01,2026-05-18,17
R0313,G0313,302,2026-05-20,2026-05-24,4
R0314,G0314,108,2026-05-26,2026-06-05,10
R0315,G0315,110,2026-05-15,2026-05-21,6
R0316,G0316,105,2026-06-07,2026-06-25,18
R0317,G0317,102,2026-05-21,2026-05-23,2
R0318,G0318,208,2026-05-03,2026-05-13,10
R0319,G0319,104,2026-05-30,2026-06-15,16
R0320,G0320,110,2026-06-07,2026-06-26,19
R0321,G0321,115,2026-05-08,2026-05-24,16
R0322,G0322,102,2026-05-17,2026-05-23,6
R0323,G0323,104,2026-05-22,2026-06-07,16
R0324,G0324,201,2026-06-03,2026-06-16,13
R0325,G0325,206,2026-06-03,2026-06-22,19
R0326,G0326,105,2026-04-25,2026-04-27,2
R0327,G0327,110,2026-05-29,2026-06-17,19
R0328,G0328,104,2026-06-02,2026-06-10,8
R0329,G0329,205,2026-05-03,2026-05-17,14
R0330,G0330,108,2026-04-30,2026-05-20,20
R0331,G0331,115,2026-05-05,2026-05-18,13
R0332,G0332,303,2026-05-10,2026-05-20,10
R0333,G0333,110,2026-05-01,2026-05-15,14
R0334,G0334,102,2026-05-02,2026-05-22,20
R0335,G0335,210,2026-04-29,2026-05-03,4
R0336,G0336,109,2026-05-25,2026-06-01,7
R0337,G0337,106,2026-04-26,2026-04-29,3
R0338,G0338,203,2026-05-23,2026-05-29,6
R0339,G0339,101,2026-06-03,2026-06-09,6
R0340,G0340,208,2026-05-12,2026-05-27,15
R0341,G0341,110,2026-04-30,2026-05-16,16
R0342,G0342,110,2026-06-05,2026-06-13,8
R0343,G0343,208,2026-04-23,2026-05-03,10
R0344,G0344,207,2026-05-09,2026-05-12,3
R0345,G0345,301,2026-05-24,2026-06-02,9
R0346,G0346,207,2026-04-28,2026-05-17,19
R0347,G0347,104,2026-05-26,2026-06-09,14
R0348,G0348,206,2026-05-04,2026-05-12,8
R0349,G0349,302,2026-05-29,2026-06-07,9
R0350,G0350,102,2026-05-29,2026-06-01,3
R0351,G0351,205,2026-05-28,2026-06-07,10
R0352,G0352,115,2026-05-02,2026-05-12,10
R0353,G0353,208,2026-05-31,2026-06-15,15
R0354,G0354,109,2026-05-19,2026-06-01,13
R0355,G0355,201,2026-05-06,2026-05-24,18
R0356,G0356,205,2026-05-10,2026-05-13,3
R0357,G0357,209,2026-06-05,2026-06-19,14
R0358,G0358,109,2026-05-18,2026-06-07,20
R0359,G0359,108,2026-06-06,2026-06-09,3
R0360,G0360,204,2026-04-25,2026-05-14,19
R0361,G0361,204,2026-06-06,2026-06-15,9
R0362,G0362,201,2026-06-05,2026-06-11,6
R0363,G0363,305,2026-05-05,2026-05-20,15
R0364,G0364,204,2026-05-21,2026-05-27,6
R0365,G0365,103,2026-05-11,2026-05-27,16
R0366,G0366,114,2026-05-08,2026-05-20,12
R0367,G0367,207,2026-05-17,2026-05-28,11
R0368,G0368,111,2026-06-01,2026-06-07,6
R0369,G0369,110,2026-05-12,2026-05-28,16
R0370,G0370,302,2026-04-26,2026-05-09,13
R0371,G0371,115,2026-05-03,2026-05-05,2
R0372,G0372,109,2026-06-02,2026-06-13,11
R0373,G0373,210,2026-05-18,2026-05-22,4
R0374,G0374,302,2026-05-13,2026-05-30,17
R0375,G0375,115,2026-06-07,2026-06-25,18
R0376,G0376,107,2026-05-12,2026-05-14,2
R0377,G0377,205,2026-05-05,2026-05-17,12
R0378,G0378,210,2026-05-07,2026-05-22,15
R0379,G0379,109,2026-06-04,2026-06-11,7
R0380,G0380,305,2026-05-03,2026-05-08,5
R0381,G0381,304,2026-05-20,2026-06-04,15
R0382,G0382,104,2026-04-24,2026-05-10,16
R0383,G0383,301,2026-06-06,2026-06-26,20
R0384,G0384,110,2026-05-23,2026-05-29,6
R0385,G0385,203,2026-05-03,2026-05-04,1
R0386,G0386,108,2026-05-12,2026-05-15,3
R0387,G0387,104,2026-05-31,2026-06-15,15
R0388,G0388,201,2026-04-27,2026-05-02,5
R0389,G0389,202,2026-04-23,2026-05-03,10
R0390,G0390,114,2026-04-23,2026-05-02,9
R0391,G0391,108,2026-05-08,2026-05-24,16
R0392,G0392,105,2026-05-09,2026-05-27,18
R0393,G0393,305,2026-05-14,2026-05-21,7
R0394,G0394,209,2026-04-30,2026-05-17,17
R0395,G0395,109,2026-05-30,2026-06-02,3
R0396,G0396,305,2026-05-12,2026-05-23,11
R0397,G0397,302,2026-05-06,2026-05-15,9
R0398,G0398,209,2026-06-07,2026-06-17,10
R0399,G0399,204,2026-05-19,2026-06-07,19
R0400,G0400,303,2026-04-26,2026-05-12,16
R0401,G0401,203,2026-05-29,2026-06-13,15
R0402,G0402,111,2026-05-08,2026-05-20,12
R0403,G0403,113,2026-05-03,2026-05-21,18
R0404,G0404,303,2026-05-09,2026-05-20,11
R0405,G0405,204,2026-05-26,2026-06-03,8
R0406,G0406,303,2026-05-14,2026-05-22,8
R0407,G0407,111,2026-05-12,2026-05-14,2
R0408,G0408,113,2026-05-08,2026-05-21,13
R0409,G0409,201,2026-04-26,2026-05-01,5
R0410,G0410,202,2026-06-05,2026-06-10,5
R0411,G0411,303,2026-05-01,2026-05-12,11
R0412,G0412,104,2026-06-01,2026-06-16,15
R0413,G0413,101,2026-05-05,2026-05-20,15
R0414,G0414,303,2026-05-29,2026-06-12,14
R0415,G0415,103,2026-04-27,2026-05-02,5
R0416,G0416,111,2026-05-08,2026-05-17,9
R0417,G0417,206,2026-04-29,2026-05-12,13
R0418,G0418,303,2026-06-02,2026-06-13,11
R0419,G0419,113,2026-04-25,2026-05-13,18
R0420,G0420,303,2026-05-18,2026-06-03,16
R0421,G0421,205,2026-05-04,2026-05-06,2
R0422,G0422,206,2026-06-03,2026-06-11,8
R0423,G0423,108,2026-04-25,2026-05-05,10
R0424,G0424,104,2026-06-02,2026-06-16,14
R0425,G0425,115,2026-04-28,2026-05-02,4
R0426,G0426,304,2026-05-28,2026-06-07,10
R0427,G0427,111,2026-06-06,2026-06-08,2
R0428,G0428,112,2026-06-04,2026-06-14,10
R0429,G0429,105,2026-05-15,2026-05-29,14
R0430,G0430,114,2026-05-23,2026-06-09,17
R0431,G0431,106,2026-05-02,2026-05-08,6
R0432,G0432,205,2026-05-27,2026-05-30,3
R0433,G0433,207,2026-05-14,2026-06-03,20
R0434,G0434,305,2026-05-23,2026-06-08,16
R0435,G0435,108,2026-05-01,2026-05-06,5
R0436,G0436,115,2026-05-09,2026-05-18,9
R0437,G0437,304,2026-05-22,2026-05-23,1
R0438,G0438,207,2026-05-09,2026-05-19,10
R0439,G0439,103,2026-05-04,2026-05-10,6
R0440,G0440,204,2026-05-10,2026-05-22,12
R0441,G0441,208,2026-05-19,2026-06-02,14
R0442,G0442,303,2026-05-22,2026-06-06,15
R0443,G0443,113,2026-05-19,2026-05-26,7
R0444,G0444,108,2026-05-08,2026-05-12,4
R0445,G0445,112,2026-05-14,2026-06-02,19
R0446,G0446,208,2026-05-02,2026-05-12,10
R0447,G0447,302,2026-05-20,2026-05-21,1
R0448,G0448,109,2026-04-26,2026-05-09,13
R0449,G0449,303,2026-06-07,2026-06-26,19
R0450,G0450,305,2026-04-25,2026-04-27,2
R0451,G0451,302,2026-04-30,2026-05-16,16
R0452,G0452,205,2026-05-20,2026-05-28,8
R0453,G0453,206,2026-05-16,2026-05-24,8
R0454,G0454,109,2026-05-26,2026-06-15,20
R0455,G0455,206,2026-04-25,2026-04-30,5
R0456,G0456,110,2026-06-01,2026-06-03,2
R0457,G0457,204,2026-05-10,2026-05-12,2
R0458,G0458,103,2026-05-15,2026-05-20,5
R0459,G0459,209,2026-05-20,2026-05-31,11
R0460,G0460,107,2026-05-12,2026-05-18,6
R0461,G0461,304,2026-05-30,2026-06-17,18
R0462,G0462,202,2026-05-15,2026-06-01,17
R0463,G0463,109,2026-05-21,2026-05-27,6
R0464,G0464,209,2026-05-08,2026-05-18,10
R0465,G0465,115,2026-05-17,2026-05-21,4
R0466,G0466,210,2026-06-03,2026-06-08,5
R0467,G0467,303,2026-05-24,2026-06-06,13
R0468,G0468,103,2026-05-03,2026-05-15,12
R0469,G0469,109,2026-05-13,2026-05-14,1
R0470,G0470,115,2026-05-04,2026-05-08,4
R0471,G0471,204,2026-05-15,2026-05-24,9
R0472,G0472,104,2026-05-14,2026-05-26,12
R0473,G0473,201,2026-04-25,2026-05-03,8
R0474,G0474,304,2026-06-06,2026-06-26,20
R0475,G0475,305,2026-05-03,2026-05-14,11
R0476,G0476,206,2026-04-29,2026-05-07,8
R0477,G0477,305,2026-06-03,2026-06-18,15
R0478,G0478,206,2026-04-24,2026-05-04,10
R0479,G0479,105,2026-05-12,2026-05-16,4
R0480,G0480,110,2026-06-05,2026-06-07,2
R0481,G0481,104,2026-05-07,2026-05-11,4
R0482,G0482,105,2026-05-23,2026-06-10,18
R0483,G0483,112,2026-05-14,2026-05-29,15
R0484,G0484,114,2026-04-26,2026-05-14,18
R0485,G0485,304,2026-05-01,2026-05-06,5
R0486,G0486,302,2026-05-12,2026-05-16,4
R0487,G0487,114,2026-05-07,2026-05-27,20
R0488,G0488,208,2026-05-21,2026-05-23,2
R0489,G0489,115,2026-05-15,2026-05-22,7
R0490,G0490,303,2026-05-10,2026-05-18,8
R0491,G0491,207,2026-05-15,2026-05-19,4
R0492,G0492,304,2026-05-15,2026-06-02,18
R0493,G0493,102,2026-04-27,2026-05-09,12
R0494,G0494,107,2026-05-13,2026-05-22,9
R0495,G0495,103,2026-05-31,2026-06-15,15
R0496,G0496,206,2026-04-26,2026-05-03,7
R0497,G0497,101,2026-04-28,2026-05-18,20
R0498,G0498,108,2026-06-04,2026-06-15,11
R0499,G0499,107,2026-05-30,2026-06-18,19
R0500,G0500,107,2026-06-03,2026-06-21,18
